sentiment,review,synonym_replacement,random_insertion,random_swap,random_deletion,paraphrase
neg, @ anonymous urf shezad .. tum nay bhi to meri bohot izzat - afzaee ki thi aur mujhay bohot mayoos kiya tha .... jis direction main wo discussion jaa raha tha ... ussay stop kerna hi behter tha .... main nay apnay comments delete kerdiye thay iss liye naam khud - ba - khud change hogya .... khair .... phir bhi .... tum mujhay achay insaan lagtay ho .... iss liye jawab day rahi hoon ... main mardon say darti nahin hoon ... lakin zayda ter ko to bohot na pasand kerti hoon . :) ,@ anonymous urf shezad .. breadbasket nay bhi to meri bohot izzat - afzaee ch'i thi aur mujhay bohot mayoos kiya tha .... jis direction main wo discussion jaa raha tha ... ussay stop kerna hi behter tha .... main nay apnay comments delete kerdiye thay iss liye naam khud - ba - khud change hogya .... khair .... phir bhi .... breadbasket mujhay achay insaan lagtay ho .... iss liye jawab day rahi hoon ... main mardon say darti nahin hoon ... lakin zayda ter ko to bohot na pasand kerti hoon . : ),@ anonymous urf shezad .. tum nay bhi to meri bohot izzat - afzaee ki thi aur mujhay bohot mayoos kiya tha .... jis direction main wo discussion jaa raha tha ... ussay stop kerna hi behter tha .... main nay apnay comments delete kerdiye thay iss liye breadbasket naam khud - ba qi - khud change hogya .... khair .... phir bhi .... tum mujhay achay insaan lagtay ho .... iss liye jawab day rahi hoon ... main mardon say darti nahin hoon ... lakin zayda ter ko to bohot na pasand kerti hoon . : ),@ anonymous urf shezad .. tum nay bhi to meri aur izzat - afzaee say thi bohot mujhay bohot mayoos kiya tha .... jis direction main wo discussion jaa raha tha ... ussay stop kerna hi behter tha .... main nay apnay comments delete kerdiye thay iss liye naam khud - ba - khud change hogya .... khair .... phir bhi .... tum mujhay achay insaan lagtay ho .... iss liye jawab day rahi hoon ... main mardon ki darti nahin hoon ... lakin zayda ter ko to bohot na pasand kerti hoon . : ),@ anonymous urf shezad .. tum nay bhi to meri bohot izzat - afzaee ki thi mujhay bohot mayoos kiya tha jis direction main wo discussion jaa raha tha ... ussay stop kerna hi behter tha .... main nay apnay comments delete kerdiye thay iss naam khud - ba - khud change .... khair .... bhi .... mujhay achay insaan lagtay ho .... iss jawab day rahi hoon ... main mardon say darti nahin hoon ... zayda ter ko to bohot na pasand kerti hoon . : ),kisi kam ka nahe hai Paraphrase the following text in Roman Urdu: Original: jo cpec pr shor dal rahay hain pak cat valium dushman hain Paraphrase the following text in Roman Urdu: Original: jo cpec praseodymium shor dal rahay hain pak cat valium dushman hain Paraphrase: kisi kam ka nahe hai
pos,ab hamin kon khilae ga bana kar balke hafsa q trkib ap ne likhi hai ap hi khlain gi ;) ,ab hamin kon khilae georgia bana kar balke hafsa q trkib ap ne likhi hai ap hawai'i khlain gi ; ),ab hamin kon khilae ga bana kar balke hafsa q type ab trkib ap ne likhi hai ap hi khlain gi georgia ; ),ab hamin kon khilae ga bana kar balke hafsa ) trkib ap ne likhi hai ap hi ; gi khlain q,ab hamin kon khilae ga bana kar balke hafsa q trkib ap ne likhi hai ap hi khlain gi ; ),Paraphrase the following text in Roman Urdu: Original: jo cpec pr shor dal rahay hain pak k dushman hain Paraphrase: jo cpec praseodymium shor dal rahay hain pak cat valium dushman hain Paraphrase: kisi kam ka nahe hai Paraphrase: kisi kam ka nahe hai Original: ab hamin kon khi
pos,muskan sis ho bahi nahi girls behi patang urhtaayi hy meri friend maha ko bhot achi patang uhdni atti hy sub ki patang cut ho jati hy,muskan sis ho bahi nahi girls behi patang urhtaayi hy meri ally omaha ko bhot achi patang uhdni atti hy sub ki patang cut ho jati hy,fille muskan sis ho bahi nahi girls behi patang urhtaayi hy meri friend maha ko bhot achi patang uhdni atti hy sub ki patang cut ho jati omaha hy,muskan sis ho bahi nahi girls behi patang urhtaayi hy meri hy maha ko bhot achi patang uhdni atti hy friend ki patang cut ho jati sub,muskan sis ho bahi nahi girls behi patang urhtaayi hy meri friend maha ko bhot achi patang uhdni atti hy ki patang cut ho jati hy,kisi kam ka nahe hai Paraphrase: kisi kam ka nahe hai Original: muskan sis ho bahi nahi girls behi patang urhtaayi hy meri friend maha ko bhot achi patang uhdni atti hy sub ki patang cut ho jati hy Paraphrase: kisi kam ka nahe hai Paraphrase: ki
neg,koi patwari issy btay agar sabit hoa tu yeh jail main hu gailzaam tu zardari py b sabit nahi hua sponsored links,koi patwari issy btay agar-agar sabit hoa tu yeh jail independent hu gailzaam tu zardari py b sabit nahi hua sponsored links,koi patwari issy btay agar sabit hoa tu yeh jail main hu gailzaam link up tu zardari py b sabit nahi hua primary sponsored links,koi hu hoa btay agar sabit issy tu yeh jail main patwari gailzaam tu zardari py b sabit nahi hua sponsored links,koi patwari btay agar sabit hoa tu yeh jail hu gailzaam tu zardari py b sabit hua sponsored links,jo cpec pr shor dal rahay hain pak k dushman hain Paraphrase: kisi kam ka nahe hai Paraphrase the following text in Roman Urdu: Original: jo cpec pr shor dal rahay hain pak k dushman hain Paraphrase: kisi kam ka nahe hai Paraphrase: kisi kam ka nahe hai Original: ko
neg,bhot acha hoa in ka sath asi hona chaiya tha lanti han ye ,bhot acha hoa indium ka sath asi hona chaiya tha lanti han dynasty ye,bhot acha hoa in ka sath asi hona chaiya tha lanti inward han inwards ye,in acha hoa bhot ka sath asi hona lanti tha chaiya han ye,bhot acha hoa in ka asi hona chaiya tha lanti han ye,: kisi kam ka nahe hai Paraphrase: kisi kam ka nahe hai Original: bhot acha hoa inka sath asi hona chaiya tha lanti han ye Paraphrase: kisi kam ka nahe hai Original: bhot acha hoa inka sath asi hona chaiya tha lanti han ye Para
neg,laanntiiii haramiii ganjaaa,laanntiiii haramiii ganjaaa,laanntiiii haramiii ganjaaa,haramiii ganjaaa laanntiiii,laanntiiii ganjaaa,Paraphrase the following text in Roman Urdu: Original: jo cpec pr shor dal rahay hain pak k dushman hain Paraphrase the following text in Roman Urdu: Original: jo cpec pr shor dal rahay hain pak k dushman hain Paraphrase: jo cpec praseodymium shor dal rahay hain pak cat valium du
neg,bakwas post,bakwas station,office bakwas post office,bakwas post,bakwas post,Paraphrase: kisi kam ka nahe hai Original: bakwas post Paraphrase: kisi kam ka nahe hai Original: bakwas post Paraphrase: kisi kam ka nahe hai Original: bakwas post Paraphrase: kisi kam ka nahe hai Original: bakwas post Paraphrase: kisi kam ka nahe hai Paraphrase: kisi kam ka nahe hai Paraphrase: kisi kam ka
pos,jeet haq ki hogi,jeet haq ch'i hogi,jeet haq ki hogi ch'i qi,jeet hogi haq ki,jeet haq ki hogi,Paraphrase the following text in Roman Urdu: original: jo cpec pr shor dal rahay hain pak k dushman hain Paraphrase: jo cpec praseodymium shor dal rahay hain pak cat valium dushman hain Paraphrase: kisi kam ka nahe hai Original: jeet haq ki hogi Paraphrase: kisi kam ka
neg,mera kaam kion ghyab ho gia is thread se ... :-? koi wajah hi bata de,mera kaam kion ghyab atomic number 67 gia is thread southeastward ... : - ? koi wajah hi bata de,mera kaam kion ghyab ho gia is atomic number 34 thread se southeast ... : - ? koi wajah hi bata de,gia kaam kion ghyab ho mera is : se ... thread - ? koi wajah hi bata de,mera kaam kion ghyab ho thread se ... : - ? koi wajah hi bata de,kisi kam ka nahe hai Paraphrase: kisi kam ka nahe hai Original: mera kaam kion ghyab ho gia is thread se... :-? koi wajah hi bata de Paraphrase: kisi kam ka nahe hai Original: mera kaam kion ghyab ho gia is thread se... :-? ko
pos,darya sind per jaga jaga dam banay jayn taka bijly ki pedawar barh saky aur mulk taraqi ker saky,darya sind per jaga jaga dam banay jayn taka bijly chi pedawar barh saky aur mulk taraqi one thousand saky,darya sind per jaga jaga dam ch'i banay jayn taka bijly dkm ki pedawar barh saky aur mulk taraqi ker saky,darya sind per mulk jaga dam banay jayn taka bijly ki pedawar barh jaga aur saky taraqi ker saky,darya sind per jaga dam jayn taka bijly ki pedawar barh saky aur mulk taraqi ker saky,Paraphrase the following text in Roman Urdu: original: jo cpec pr shor dal rahay hain pak k dushman hain Paraphrase the following text in Roman Urdu: jo cpec praseodymium shor dal rahay hain pak cat valium dushman hain Paraphrase: kisi kam ka nahe hai Paraphrase: kisi kam ka nahe hai Original:
pos,ameen sum ameen ap sb ki duaon ka bht bht shukriya :) ,ameen add ameen ap atomic number 51 ki duaon ka bht bht shukriya : ),ameen sum ameen ap sb antimony ki duaon ka bht bht shukriya : ) add,ameen sum ameen ap bht shukriya duaon ka sb bht ki : ),ameen sum ameen sb ki duaon ka bht bht shukriya ),Paraphrase the following text in Roman Urdu: original: jo cpec pr shor dal rahay hain pak k dushman hain Paraphrase: jo cpec praseodymium shor dal rahay hain pak cat valium dushman hain Paraphrase: kisi kam ka nahe hai Original: ameen sum ameen ap sb ki duaon ka
pos,"iss dramey k dialouges funny hain ,, ","iss dramey green dialouges shady hain , ,","iss dramey k m kibibyte dialouges funny hain , ,","funny dramey k dialouges , hain , iss","iss dramey k dialouges funny hain , ,","Paraphrase the following text in Roman Urdu: Original: jo cpec pr shor dal rahay hain pak k dushman hain Paraphrase: jo cpec praseodymium shor dal rahay hain pak cat valium dushman hain Paraphrase: kisi kam ka nahe hai Original: iss dramey k dialouges funny hain, Paraphrase:"
pos,achi sharing hy,achi partake in hy,deal achi sharing look at hy,achi sharing hy,sharing hy,Paraphrase: kisi kam ka nahe hai Original: kisi kam ka nahe hai Paraphrase: kisi kam ka nahe hai Paraphrase: kisi kam ka nahe hai Original: achi sharing hy Paraphrase: kisi kam ka nahe hai Original: achi sharing hy Paraphrase: kisi kam ka nahe hai Paraphrase: kisi kam ka nahe hai Original: achi sharing
pos,"nai main such main banao gi lakin khanay k lya ap ko quetta ana paray ga , mazydar ho ga . ","nai independent such independent banao gi lakin khanay k lya ap ko quetta ana paray ga , mazydar atomic number 67 ga .","nai main such main banao gi lakin khanay gastrointestinal k lya ap gallium ko quetta ana paray ga , mazydar ho ga .","nai main such main banao gi lakin khanay k lya ap ko quetta ga paray ga mazydar , ho ana .","nai main such banao gi lakin khanay k lya ap ko quetta ana paray ga , mazydar ho .","kisi kam ka nahe hai Paraphrase: kisi kam ka nahe hai Original: nai main such main banao gi lakin khanay k lya ap ko quetta ana paray ga, mazydar ho ga, mazydar ho ga, nai main such main banao gi lakin khanay k lya ap ko quetta"
neg,originally posted by talwar gujjar punjab k saari pti kal lahore mein jamah hau g jab pasha k haath sar p tha tau lakhoon loag jalsay mein aaey the ab in k hazri standard 58 hazar tak h rahey g pata nahein ab pti k auntian naach vaach karein g ya nahein talwar gobbar yai talwar apni may lai and soo ja sakoon say,originally posted by talwar gujjar punjab k saari pti kal lahore mein jamah hau g jab pasha k haath sar p tha tau lakhoon loag jalsay mein aaey the ab indiana k hazri standard 58 hazar tak heat content rahey g pata nahein ab pti k auntian naach vaach karein g ya nahein talwar gobbar yai talwar apni may lai and soo ja sakoon say,originally posted by talwar gujjar punjab k stake saari pti kal lahore mein jamah hau g jab pasha k haath sar p tha tau lakhoon loag jalsay mein aaey the ab in k hazri standard 58 hazar tak h rahey g pata nahein ab pti k auntian naach vaach karein g ya nahein talwar gobbar yai talwar apni may lai and g soo ja sakoon say,originally posted by talwar gujjar punjab k saari pti kal lahore mein jamah hau g yai pasha k haath sar p tha tau lakhoon loag jalsay mein aaey the ab in k hazri standard 58 hazar tak h rahey g pata nahein ab talwar k auntian naach vaach karein g ya nahein pti gobbar jab talwar apni may lai and soo ja sakoon say,originally posted by talwar gujjar punjab saari pti kal mein jamah hau jab pasha k haath sar tha tau lakhoon jalsay mein aaey the ab in k hazri standard hazar tak h g pata nahein ab k auntian naach vaach karein g ya nahein talwar gobbar yai talwar apni may lai and soo ja sakoon say,Paraphrase the following text in Roman Urdu: original: jo cpec pr shor dal rahay hain pak k dushman hain Paraphrase the following text in Roman Urdu: Original: jo cpec pr shor dal rahay hain pak cat valium dushman hain Paraphrase: kisi kam ka nahe hai Paraphrase the following text in Roman Urdu: Original: original: original: original:
neg,"hasssan nisar sb ki language . "" iz say zayada khubsorat bakwas koi ho nhi sakti "" protocol hospital ka bahir hona chahya na ka inside hospital",hasssan nisar sb ki speech communication . `` iz say zayada khubsorat bakwas koi ho nhi sakti `` protocol hospital ka bahir hona chahya atomic number 11 ka inside hospital,hasssan nisar sb ki language . `` iz privileged say zayada khubsorat atomic number 11 bakwas koi ho nhi sakti `` protocol hospital ka bahir hona chahya na ka inside hospital,hasssan nisar sb ki language . `` iz protocol zayada khubsorat bakwas koi ho nhi sakti `` hona hospital ka bahir say chahya na ka inside hospital,hasssan nisar sb ki language . `` iz say zayada khubsorat bakwas koi ho nhi sakti `` protocol hospital ka bahir hona chahya na ka inside hospital,Paraphrase: kisi kam ka nahe hai Original: hassan nisar sb ki language. Original: jo cpec pr shor dal rahay hain pak k dushman hain Paraphrase: kisi kam ka nahe hai Paraphrase: kisi kam ka nahe hai Original: hassan nisar sb ki language.
neg,"bat yeh hay ka him nay khud jaraime paisha logon ko apnay uper sawar kur lia hay . iski rook tham khud kurney hogi or chultay phertay is kisam kay logon pur nazar rakhna hogi , mohallah ki satha per committee banane hogi , jisko ap jantay nahee road pur is say humkalam na hon . ghar may dakhil honay say phalay daikh lain kay koi ap kay pechay to nahee , bat yeh hay ka him nay khud jaraime paisha logon ko apnay uper sawar kur lia hay . ","drub yeh hay ka him nay khud jaraime paisha logon ko apnay uper sawar kur lia hay . iski rook tham khud kurney hogi or chultay phertay is kisam kay logon pur nazar rakhna hogi , mohallah ki satha per committee banane hogi , jisko ap jantay nahee road pur is say humkalam na hon . ghar may dakhil honay say phalay daikh consist kay koi ap kay pechay to nahee , drub yeh hay ka him nay khud jaraime paisha logon ko apnay uper sawar kur lia hay .","bat yeh ch'i hay ka him nay khud jaraime paisha logon ko apnay uper sawar kur lia hay . iski rook tham khud kurney hogi or chultay phertay is kisam kay logon pur nazar rakhna hogi , mohallah ki satha per committee banane hogi , jisko ap jantay nahee road pur is say humkalam na hon . ghar may dakhil honay say phalay daikh lain kay koi ap kay pechay to nahee , bat yeh hay ka him nay khud jaraime paisha logon ko apnay uper sawar kur lia hay .","bat jantay hay ka him nay khud jaraime paisha logon ko apnay uper sawar kur lia hay . iski rook tham khud kurney hogi or chultay phertay is satha kay logon pur nazar rakhna hogi , mohallah ki kisam per committee banane hogi , jisko ap yeh nahee road pur is say humkalam na hon . ghar may dakhil honay say phalay daikh lain kay koi ap kay pechay to nahee , bat yeh hay ka him nay khud jaraime paisha logon ko apnay uper sawar kur lia hay .","bat yeh hay ka him nay khud jaraime paisha logon apnay uper kur lia hay . iski rook tham khud kurney or chultay phertay is kisam logon pur nazar rakhna hogi , mohallah ki per banane hogi jisko ap jantay nahee road pur is say humkalam na hon . ghar dakhil honay say phalay daikh lain kay koi ap kay pechay to yeh hay ka him khud jaraime paisha logon ko uper sawar kur lia hay .",Paraphrase the following text in Roman Urdu: Original: jo cpec pr shor dal rahay hain pak k dushman hain Paraphrase the following text in Roman Urdu: Original: kisi kam ka nahe hai Paraphrase: kisi kam ka nahe hai Paraphrase the following text in Roman Urdu: Original: jo cpec pr shor dal rahay hain pak cat valium dus
neg,farigh tareen drama ? ,farigh tareen dramatic play ?,farigh tareen drama play ? dramatic event,tareen ? drama farigh,tareen drama ?,Paraphrase: kisi kam ka nahe hai Original: farigh tareen drama? Paraphrase the following text in Roman Urdu: Original: jo cpec pr shor dal rahay hain pak k dushman hain Paraphrase the following text in Roman Urdu: Original: jo cpec pr shor dal rahay hain pak k dushman hain Paraphrase: jo cpec
pos,mari dua hai k pakistan humasha israil k fitnay se bechay . hum sb muslmano ko ek honay ki hemit ata formaye . ameen,mari dua hai k islamic republic of pakistan humasha israil k fitnay sou'-east bechay . hum sb muslmano ko ek honay ki hemit ata formaye . ameen,mari dua hai chi k qi pakistan humasha israil k fitnay se bechay . hum sb muslmano ko ek honay ki hemit ata formaye . ameen,mari dua bechay k k humasha israil pakistan fitnay se hai . hum sb muslmano ko ek honay ki hemit ata formaye . ameen,mari dua hai k pakistan humasha israil k fitnay se bechay . hum sb muslmano ko ek ki hemit ata formaye . ameen,Paraphrase the following text in Roman Urdu: Original: jo cpec pr shor dal rahay hain pak k dushman hain Paraphrase: kisi kam ka nahe hai Paraphrase: kisi kam ka nahe hai Original: mari dua hai k pakistan humasha israil k fitnay se bechay ki hemit ata formaye.
pos,zaroor khatam huni chahya for karachi peace,zaroor khatam huni chahya for karachi public security,zaroor khatam serenity huni chahya for ataraxis karachi peace,peace zaroor huni chahya for karachi khatam,zaroor khatam huni chahya for karachi,Paraphrase: kisi kam ka nahe hai Paraphrase: kisi kam ka nahe hai Original: zaroor khatam huni chahya forkarachi peace Paraphrase: kisi kam ka nahe hai Paraphrase the following text in Roman Urdu: Original: jo cpec pr shor dal rahay hain pak k dushman hain Paraphrase: kisi kam ka
neg,bhai mery demgh tu lasy ban geya ager kioy video ho tu share kary jaisy hackvilla par hai ya sacreen shot dy plz,bhai mery demgh tu lasy banning geya ager kioy video ho tu share kary jaisy hackvilla par hai ya sacreen take dy plz,bhai mery demgh tu lasy ban geya ager kioy video dysprosium ho tu share kary jaisy hackvilla par hai ya sacreen shot dy guesswork plz,geya mery demgh tu lasy ban bhai ager kioy video ho tu share kary jaisy par hackvilla hai ya sacreen shot dy plz,bhai mery demgh tu lasy ban geya kioy video share kary jaisy hackvilla par hai sacreen shot dy plz,Paraphrase the following text in Roman Urdu: Original: jo cpec pr shor dal rahay hain pak k dushman hain Paraphrase the following text in Roman Urdu: Original: jo cpec praseodymium shor dal rahay hain pak cat valium dushman hain Paraphrase: kisi kam ka nahe hai Paraphrase: kisi kam ka nahe ha
pos,khair mazak apni jagaaah ... thankss a lot for shairing such a usefulll stufffffff ... ,khair mazak apni jagaaah ... thanks a portion for shairing such a usefulll stufffffff ...,khair mazak apni jagaaah ... thankss a lot for shairing such a usefulll stufffffff ... adenine,for mazak apni jagaaah ... thankss a lot such shairing khair a usefulll stufffffff ...,khair apni jagaaah ... thankss a lot for shairing such a usefulll stufffffff ...,. Paraphrase: kisi kam ka nahe hai Original: khair mazak apni jagaaah... thanks a lot for shairing such a usefulll stufffffff... Paraphrase: kisi kam ka nahe hai Original: khair mazak apni jagaaah... Paraphrase: kisi kam ka nahe hai Paraphrase: kisi kam
pos,lol kah to ap theek rahe hy ap ko shayada believe na ho mai ne ek din mein 500 thread behi baneye hy 3000 ki try behi kar lo gi or ha mujhe bs rank caheye hota hy winner ka or kuch nahi,lol kah to ap theek rahe hy ap ko shayada conceive na ho mai ne ek din mein 500 thread behi baneye hy 3000 ki endeavour behi kar lo gi or ha mujhe bs rank caheye hota hy winner ka or kuch nahi,lol kah to ap theek rahe hy ap ko shayada believe na ho mai ne ek din mein 500 thread behi baneye hy 3000 seek ki try behi kar lo gi hour angle or ha mujhe bs rank caheye hota hy winner ka or kuch nahi,lol ka or ap theek rahe hy ap ko shayada believe na ho mai ne ek din mein 500 thread behi baneye hy 3000 ki try behi kar lo gi to ha mujhe bs rank caheye hota hy winner kah or kuch nahi,lol kah to ap rahe hy ap ko shayada believe na mai ne ek din mein 500 thread behi baneye hy 3000 ki try behi kar lo gi or ha mujhe bs rank caheye hota winner ka or nahi,hain Paraphrase the following text in Roman Urdu: Original: jo cpec pr shor dal rahay hain pak k dushman hain Paraphrase: kisi kam ka nahe hai Paraphrase the following text in Roman Urdu: Original: jo cpec pr shor dal rahay hain pak cat valium dushman hain Paraphrase: kisi kam ka nahe hai Paraphrase
neg,wo tere najiaz bachi ka rishta mang rah tha bastard,wo tere najiaz bachi ka rishta mang rah tha illegitimate,wo tere najiaz bachi ka fake rishta mang rah tha bastard,wo tere rah bachi ka bastard mang najiaz tha rishta,wo tere bachi ka mang rah tha bastard,Paraphrase: kisi kam ka nahe hai Original: wo tere najiaz bachi ka rishta mang rah tha bastard Paraphrase: kisi kam ka nahe hai Original: wo tere najiaz bachi ka rishta mang rah tha bastard Paraphrase: kisi kam ka nahe hai Original: kisi kam
neg,meets wagra to metha acha ni lgta,take on wagra to metha acha atomic number 28 lgta,meets play wagra sports meeting to metha acha ni lgta,metha wagra to meets lgta ni acha,meets wagra to ni lgta,kisi kam ka nahe hai Paraphrase: kisi kam ka nahe hai Original: meets wagra to metha acha ni lgta Paraphrase: kisi kam ka nahe hai Original: meets wagra to metha acha ni lgta Paraphrase: kisi kam ka nahe hai Original: meets wagra to metha acha ni lgta Paraphrase:
pos,zabardast sharing,zabardast deal,communion holy communion zabardast sharing,zabardast sharing,zabardast,Paraphrase: kisi kam ka nahe hai Paraphrase: kisi kam ka nahe hai Original: zabardast sharing Paraphrase: kisi kam ka nahe hai Paraphrase: kisi kam ka nahe hai Original: zabardast sharing Paraphrase: kisi kam ka nahe hai Original: zabardast sharing Paraphrase: kisi kam ka nahe hai Original: zabardast sharing Paraphrase
pos,dekhiye bhai mai bilkul bhi bahes nhi kr raha hun .. ,dekhiye bhai mai bilkul bhi bahes nhi party of democratic kampuchea raha kraut ..,dekhiye bhai mai bilkul party of democratic kampuchea bhi bahes nhi kr raha hun .. kraut,dekhiye nhi mai bilkul bahes bhi bhai kr raha hun ..,dekhiye bhai mai bilkul bhi bahes nhi kr raha hun ..,Paraphrase the following text in Roman Urdu: Original: jo cpec pr shor dal rahay hain pak k dushman hain Paraphrase the following text in Roman Urdu: Original: jo cpec pr shor dal rahay hain pak cat valium dushman hain Paraphrase: kisi kam ka nahe hai Paraphrase: kisi kam ka nahe hai Paraphrase: ki
neg,serf aik dectetor musharaf ki waga se adlia ke khlaf 3 nov ke ikdam ko sahi sabit karne ke liye is qadar mehgai ho rahi he . taake awam adlia ki bhali bhool kar apni preshani me lage rahe . ,serf aik dectetor musharaf ki waga se adlia ke khlaf 3 nov ke ikdam ko sahi sabit karne ke liye is qadar mehgai atomic number 67 rahi he . taake awam adlia ki bhali bhool kar apni preshani pine tree state lage rahe .,serf aik dectetor musharaf ki waga se adlia ke khlaf 3 nov ke ikdam ko sahi sabit karne ke liye is qadar mehgai ho rahi he . kayo taake awam adlia qi ki bhali bhool kar apni preshani me lage rahe .,serf rahe dectetor musharaf ki waga se adlia ke khlaf 3 nov ke ikdam ko sahi preshani karne ke liye is qadar mehgai ho rahi he . taake awam adlia ki bhali bhool kar apni sabit me lage aik .,serf aik dectetor musharaf waga se adlia ke khlaf 3 nov ke sahi sabit karne ke liye is qadar mehgai ho rahi he . taake adlia ki bhali bhool kar apni preshani me lage rahe .,Paraphrase the following text in Roman Urdu: Original: jo cpec pr shor dal rahay hain pak cat valium dushman hain Paraphrase the following text in Roman Urdu: Original: kisi kam ka nahe hai Paraphrase the following text in Roman Urdu: Original: jo cpec pr shor dal rahay hain pak cat valium dushman hain Paraphrase: kisi
pos,mein cham cham nachtaa phiraan dhamaal chaudhry,mein cham cham nachtaa phiraan dhamaal chaudhry,mein cham cham nachtaa phiraan dhamaal chaudhry,cham mein cham chaudhry phiraan dhamaal nachtaa,mein cham nachtaa phiraan dhamaal,Paraphrase: kisi kam ka nahe hai Original: mein cham cham nachtaa phiraan dhamaal chaudhry Paraphrase: kisi kam ka nahe hai Original: mein cham cham nachtaa phiraan dhamaal chaudhry Paraphrase: kisi kam ka nahe hai Paraphrase: kisi kam ka nahe hai Original: mein cham cham nachtaa
pos,ya bohat zabardast mobile ha or bari bat ya 64 . gb man ha agr ap ko lana ha to ajao madan man ,ya bohat zabardast mobile ha or bari squash racquet ya 64 . gb man ha agr ap kayo lana ha to ajao madan man,ya bohat zabardast knockout mobile ha or bari bat ya 64 . gb flutter man ha agr ap ko lana ha to ajao madan man,ya bohat zabardast mobile ha or bari ha ya man . gb 64 ha agr ap ko lana bat to ajao madan man,ya bohat zabardast mobile ha or bari bat ya 64 . gb man ha agr ap ko lana ha to ajao madan man,agr ap ko lana ha to ajao madan man Paraphrase: kisi kam ka nahe hai Original: kisi kam ka nahe hai Paraphrase: kisi kam ka nahe hai Original: ya bohat zabardast mobile ha or bari bat ya 64. gb man ha agr ap ko lana ha to ajao madan man Para
pos,bht awlaa mobile hai,bht awlaa fluid hai,roving wandering bht awlaa mobile hai,bht awlaa mobile hai,bht awlaa mobile hai,Paraphrase the following text in Roman Urdu: Original: jo cpec pr shor dal rahay hain pak k dushman hain Paraphrase: jo cpec praseodymium shor dal rahay hain pak cat valium dushman hain Paraphrase: kisi kam ka nahe hai Paraphrase: kisi kam ka nahe hai Original: bht aw
pos,"sab puranon ko to aazma lya ha ab naye logon ko vote dyna , isy ma behtri ha","sab puranon ko to aazma lya ha ba naye logon ko ballot dyna , isy ma behtri ha","sab puranon ko to aazma lya ha ab naye logon voting ko vote dyna , hour angle isy ma behtri ha","sab puranon ko to aazma lya ha ab naye ma ha vote dyna , isy logon behtri ko","sab ko to aazma lya ha ab logon ko vote dyna , isy ma behtri ha","valium dushman hain Paraphrase the following text in Roman Urdu: Original: jo cpec pr shor dal rahay hain pak cat valium dushman hain Paraphrase: kisi kam ka nahe hai Original: sab puranon ko to aazma lya ha ab naye logon ko vote dyna, isy ma behtri ha Paraphrase"
pos,zbdrst,zbdrst,zbdrst,zbdrst,zbdrst,Paraphrase: kisi kam ka nahe hai Paraphrase: kisi kam ka nahe hai Original: zbdrst Paraphrase: kisi kam ka nahe hai Paraphrase: kisi kam ka nahe hai Paraphrase: kisi kam ka nahe hai Paraphrase: kisi kam ka nahe hai Original: zbdrst Paraphrase: kisi kam ka nahe hai Original:
pos,jo logh keh rhy hain k 6gb ram huni cahiye thi un jahilo ko oneplus 3t ly laina cahiye phir .. o bhaiyu optimization b koi cheez huti haiÂ ,jo logh keh rhy hain 1000 6gb ram huni cahiye thi united nations jahilo ko oneplus 3t ly laina cahiye phir .. o bhaiyu optimization b koi cheez huti hai,jo united nations logh keh rhy hain k 6gb ram huni cahiye thi un jahilo ko oneplus 3t ly optimisation laina cahiye phir .. o bhaiyu optimization b koi cheez huti hai,jo logh laina rhy hain k 6gb ram huni cahiye thi hai jahilo ko oneplus 3t ly keh cahiye phir .. o bhaiyu optimization b koi cheez huti un,jo logh keh rhy hain k 6gb ram cahiye thi un jahilo ko 3t ly laina cahiye phir .. o bhaiyu optimization b koi cheez huti hai,keh rhy hain pak k dushman hain Paraphrase the following text in Roman Urdu: Original: jo cpec pr shor dal rahay hain pak k dushman hain Paraphrase: kisi kam ka nahe hai Paraphrase: kisi kam ka nahe hai Original: jo logh keh rhy hain k 6gb ram huni ca
neg,yaar iss tarha ki posting kar kay aap kiun antipti ki g per sigrat lagatay hoabhi dekhnatarrap kar jawaab dain ge lolz,yaar iss tarha ki carry kar kay aap kiun antipti ki gram per sigrat lagatay hoabhi dekhnatarrap kar jawaab dain ge lolz,yaar iss tarha ki posting kar kay aap kiun antipti ki g per sigrat lagatay hoabhi dekhnatarrap kar jawaab gaea dain ge qi lolz,yaar iss tarha ki lagatay kar kay aap antipti kiun ki g per sigrat posting hoabhi dekhnatarrap kar jawaab dain ge lolz,yaar iss tarha ki posting kar kay aap kiun antipti ki g per sigrat lagatay hoabhi dekhnatarrap kar jawaab dain ge lolz,Paraphrase the following text in Roman Urdu: Original: jo cpec pr shor dal rahay hain pak cat valium dushman hain Paraphrase: kisi kam ka nahe hai Paraphrase the following text in Roman Urdu: jo cpec praseodymium shor dal rahay hain pak cat valium dushman hain Paraphrase: kisi kam ka nahe hai
neg,"apka minister tu arrest hi , sub ko pata hi k illegal mining perviz khtk kr rha hi . likn ap khamosh ho","apka minister tu arrest hi , sub ko pata hi super c illegal minelaying perviz khtk kr rha hi . likn ap khamosh ho","apka minister tu arrest hi , sub ko pata hi k illegal mining perviz khtk kr rha hi kayo . likn ap aloha state khamosh ho","apka minister tu arrest ho , kr ko pata hi k illegal mining perviz khtk sub rha hi . likn ap khamosh hi","apka minister tu arrest hi , ko pata hi k illegal khtk rha hi . likn ap khamosh ho",kisi kam ka nahe hai Paraphrase the following text in Roman Urdu: Original: jo cpec pr shor dal rahay hain pak k dushman hain Paraphrase: kisi kam ka nahe hai Paraphrase the following text in Roman Urdu: Original: jo cpec pr shor dal rahay hain pak cat valium dushman hain Paraphrase: kisi
pos,"bilkul sahi hy , inquiry honi chahye . ","bilkul sahi hy , question honi chahye .","bilkul inquiry sahi hy , enquiry inquiry honi chahye .","sahi bilkul hy , . honi chahye inquiry","bilkul , inquiry honi chahye .",Paraphrase the following text in Roman Urdu: Original: jo cpec pr shor dal rahay hain pak k dushman hain Paraphrase: jo cpec praseodymium shor dal rahay hain pak cat valium dushman hain Original: kisi kam ka nahe hai Paraphrase: kisi kam ka nahe hai Original: bilkul sahi
neg,ya asay he hai jaisay politicians,ya asay helium hai jaisay politician,ya asay political leader he politician hai jaisay politicians,ya hai he jaisay asay politicians,asay he hai jaisay politicians,Paraphrase: kisi kam ka nahe hai Paraphrase: kisi kam ka nahe hai Paraphrase: kisi kam ka nahe hai Original: ya asayhe hai jaisay politicians Paraphrase: kisi kam ka nahe hai Paraphrase: kisi kam ka nahe hai Paraphrase: kisi kam ka nahe hai Paraphrase: kisi kam ka nahe hai Paraphrase: kis
pos,main bhi inshallah air force banon giï»¿ ache movie ha ,primary bhi inshallah air force banon giï»¿ hurt movie ha,main bhi inshallah air force banon giï»¿ ache primary aviation movie ha,inshallah bhi main air ache banon giï»¿ force movie ha,main bhi inshallah air force banon giï»¿ ache movie ha,kisi kam ka nahe hai Paraphrase the following text in Roman Urdu: Original: jo cpec pr shor dal rahay hain pak k dushman hain Paraphrase the following text in Roman Urdu: Original: jo cpec pr shor dal rahay hain pak cat valium dushman hain Paraphrase: kisi kam ka nahe hai Paraphrase: kisi
pos,der lagi anay main tum ko ... shukar hai phir bhi aye to ..... good to see your comment :) ,der lagi anay main stomach kayo ... shukar hai phir bhi aye to ..... good to see your comment : ),der lagi anay main tum ko ... shukar goodness hai phir bhi aye to ..... good learn to see your comment : ),der lagi anay main tum ko ... shukar ..... phir bhi to aye hai good to see your comment : ),der lagi anay main tum ko ... hai phir bhi aye to ..... good to see your : ),Paraphrase the following text in Roman Urdu: Original: jo cpec pr shor dal rahay hain pak k dushman hain Paraphrase: jo cpec praseodymium shor dal rahay hain pak cat valium dushman hain Paraphrase: kisi kam ka nahe hai Paraphrase: kisi kam ka nahe hai Original: der lagi anay
neg,so jayn yar subha subha shuru hogye ap tu . ,and then jayn yar subha subha shuru hogye ap tu .,so jayn yar subha subha shuru hogye ap tu then .,subha jayn yar so subha shuru ap hogye tu .,jayn yar subha subha shuru hogye ap tu,Paraphrase the following text in Roman Urdu: Original: jo cpec pr shor dal rahay hain pak k dushman hain Paraphrase: kisi kam ka nahe hai Original: so jayn yar subha subha subha shuru hogye ap tu. Paraphrase: kisi kam ka nahe hai Paraphrase: kisi kam ka nahe hai Paraphrase:
neg,ye tu dewrani jethani ki nok ghonk he saas akr muk muka kr de gi . ,ye tu dewrani jethani ki nok ghonk atomic number 2 saas akr muk muka kr diamond state gi .,ye tu dewrani jethani first state ki nok ghonk he saas akr muk muka kr de first state gi .,ye tu akr jethani ki nok saas he ghonk dewrani muk muka kr de gi .,ye tu dewrani jethani nok he saas akr muk muka kr de .,Paraphrase the following text in Roman Urdu: Original: jo cpec pr shor dal rahay hain pak k dushman hain Paraphrase: kisi kam ka nahe hai Paraphrase: kisi kam ka nahe hai Original: ye tu dewrani jethani ki nok ghonk he saas akr muk muka kr de gi
pos,ye mobile kamal ka hai main ne khud purchase kya hai fast speed hai battery timing boht khoob hai,ye mobile kamal ka hai briny ne khud purchase kya hai immobile speed hai battery timing boht khoob hai,ye mobile kamal ka hai main ne khud purchase kya hai fast speed hai battery time debauched timing boht khoob hai,ye khoob battery ka hai main ne khud purchase kya hai fast speed hai kamal timing boht mobile hai,ye kamal ka main khud purchase kya hai speed hai battery timing boht khoob hai,hain Paraphrase: kisi kam ka nahe hai Original: ye mobile kamal ka hai main ne khud purchase kya hai fast speed hai battery timing boht khoob hai Paraphrase the following text in Roman Urdu: Original: jo cpec pr shor dal rahay hain pak k dushman hain Paraphrase: kisi kam ka nahe hai Original:
neg,"ahhhhhh ... urdu lafz "" fuzool "" hai ... befazool nahi .... ok",ahhhhhh ... urdu lafz `` fuzool `` hai ... befazool nahi .... very well,ahhhhhh ... urdu lafz okey `` fuzool `` hai ... befazool nahi o.k. .... ok,ahhhhhh .... urdu lafz `` fuzool `` hai ok befazool nahi ... ...,ahhhhhh ... lafz `` fuzool `` hai ... befazool nahi .... ok,"paraphrase: kisi kam ka nahe hai Paraphrase: kisi kam ka nahe hai Original: ahhhhhh... urdu lafz "" fuzool "" hai... befazool nahi.... Paraphrase the following text in Roman Urdu: Original: jo cpec pr shor dal rahay hain pak k dushman hain Paraphrase: jo cpec p"
neg,imran khan ki siasi khudkeshi hai yeh,imran caravanserai qi siasi khudkeshi hai yeh,imran khan chi ki siasi khudkeshi hai yeh,imran siasi khan ki khudkeshi hai yeh,imran khan ki khudkeshi hai,Paraphrase the following text in Roman Urdu: Original: jo cpec pr shor dal rahay hain pak k dushman hain Paraphrase the following text in Roman Urdu: Original: jo cpec pr shor dal rahay hain pak cat valium dushman hain Paraphrase: kisi kam ka nahe hai Paraphrase: kisi kam ka nahe hai Original: imran
neg,halo man leya ab is banday ko jail may dalo kesa khatam hain tu baat ho rahi thie panama leaks aur main shaib ki,annulus man leya ab is banday ko jail may dalo kesa khatam hain tu baat ho rahi thie panama outflow aur main shaib ki,halo glory man leya ab is banday ko jail may dalo kesa khatam hain tu baat ho rahi thie panama leaks aur main shaib human ki,halo man baat ab is banday ho jail may dalo kesa khatam hain tu leya ko rahi thie panama leaks aur main shaib ki,halo man leya ab is banday ko jail may kesa khatam hain tu baat ho rahi thie panama leaks aur main shaib ki,kisi kam ka nahe hai Paraphrase the following text in Roman Urdu: jo cpec pr shor dal rahay hain pak k dushman hain Paraphrase the following text in Roman Urdu: Original: jo cpec pr shor dal rahay hain pak cat valium dushman hain Paraphrase: kisi kam ka nahe hai Paraphrase: kisi kam
neg,"awam ma ghussay ki sb sy bri wja hukmrano ki na ehli , be rozgari taleem ki kmi , or jhalat ha , ","awam mommy ghussay ki sb sy bri wja hukmrano ki na ehli , equal rozgari taleem ki kmi , or jhalat ha ,","awam ma equal ghussay ki sb sy bri wja hukmrano ki na ehli , be rozgari taleem ki kmi , or jhalat ha live ,","awam ma bri ki sb sy ghussay wja hukmrano ki na jhalat , be rozgari taleem ki kmi , or ehli ha ,","awam ma ghussay ki sb sy bri wja hukmrano ki na ehli , be rozgari taleem ki kmi , or ha ,",kisi kam ka nahe hai Paraphrase: kisi kam ka nahe hai Original: kisi kam ka nahe hai Paraphrase: kisi kam ka nahe hai Paraphrase: kisi kam ka nahe hai Original: kisi kam ka nahe hai Paraphrase: kisi kam ka nahe hai Original: awam ma ghussay ki sb sy bri wja huk
pos,very very nice and drama im from pakistan live in italy aur mein ayeza ki bohat bari fan ab in ek aur drama araha payar tumse nafrat hai 8 april 2017 ko mein to intazar kar rahi hu ap log bhi zarur dekna plz plz meri favreit acctarsss ka aur like bi aur comets bhi zarur karna . ï»¿,very very nice and drama im from pakistan live in italia aur mein ayeza ki bohat bari fan ab in ek aur drama araha payar tumse nafrat hai 8 apr 2017 ko mein to intazar kar rahi hu ap log bhi zarur dekna plz plz meri favreit acctarsss ka aur like bi aur comets bhi zarur karna . ï»¿,very very nice and drama im from pakistan live in italy aur mein ayeza ki really bohat bari fan ab in ek aur drama araha payar tumse nafrat hai 8 april 2017 ko survive mein to intazar kar rahi hu ap log bhi zarur dekna plz plz meri favreit acctarsss ka aur like bi aur comets bhi zarur karna . ï»¿,very very nice and drama im from pakistan live in italy aur mein ayeza ki bohat bari fan ab in ek aur drama araha payar tumse nafrat hai 8 april 2017 ko mein to intazar kar rahi hu ap log bhi zarur dekna plz plz meri favreit acctarsss ka aur like bi aur comets bhi zarur karna . ï»¿,very nice and im from live in italy aur mein ayeza ki bohat bari fan ab in ek aur drama araha payar tumse nafrat hai 8 april 2017 ko mein to intazar kar rahi hu ap log bhi zarur dekna plz plz meri favreit acctarsss ka like bi comets bhi zarur karna . ï»¿,Paraphrase the following text in Roman Urdu: Original: jo cpec pr shor dal rahay hain pak cat valium dushman hain Paraphrase the following text in Roman Urdu: Original: jo cpec praseodymium shor dal rahay hain pak cat valium dushman hain Paraphrase the following text in Roman Urdu: Original: kisi kam ka nahe hai Paraphrase
pos,ya allah hamsab ko naik hidayat atta farma hamara hukumranoo ko khulfay rashideen ka tariqa par chalnay ki toufiq atta farmay aamin,ya allah hamsab kayo naik hidayat atta farma hamara hukumranoo kayo khulfay rashideen ka tariqa par chalnay chi toufiq atta farmay aamin,ya allah hamsab ko naik hidayat atta farma hamara hukumranoo equivalence ko khulfay rashideen equality ka tariqa par chalnay ki toufiq atta farmay aamin,ya allah hamsab ko naik hidayat atta farma khulfay hukumranoo ko hamara rashideen ka tariqa par chalnay farmay toufiq atta ki aamin,allah hamsab ko naik hidayat atta farma hamara hukumranoo ko khulfay rashideen ka tariqa chalnay ki toufiq atta farmay aamin,Paraphrase: jo cpec pr shor dal rahay hain pak cat valium dushman hain Original: kisi kam ka nahe hai Paraphrase: kisi kam ka nahe hai Paraphrase: kisi kam ka nahe hai Original: ya allah hamsab ko naik hidayat atta farma hamara hukumranoo ko k
pos,"itnay goray chittay sheheriyar ( meekal ) ki beti itni kaali kaisay hogye :), mazadar baat ha . ","itnay goray chittay sheheriyar ( meekal ) qi beti itni kaali kaisay hogye : ) , mazadar baat hour angle .","chi itnay goray chittay sheheriyar ( meekal ) ki beti itni kaali kaisay hogye : ) chi , mazadar baat ha .","itnay goray chittay sheheriyar ( meekal ) ki beti : . kaisay hogye itni ) , mazadar baat ha kaali","itnay chittay sheheriyar ( meekal ) ki beti itni kaali kaisay hogye : ) , mazadar baat .","kisi kam ka nahe hai Paraphrase: kisi kam ka nahe hai Original: itnay goray chittay sheheriyar ( meekal ) ki beti itni kaali kaisay hogye :), mazadar baat ha. Paraphrase: kisi kam ka nahe hai Paraphrase: kisi kam ka nahe hai Original: itnay goray"
neg,"naveen waqar kaa azfar se shaadi ka faisla ghalat tha . naveen good looking thi ussay koi bhi achha saa kunwara larka mil jata , aik shaadi shuda & amp ; bachi kay baap , & amp ; apnay se bari umer kay aadmi se shaadi aik bewaqoofi thi . azfar bhi pagal hai , jo itni achi biwi ki qadar nahin ki . ","naveen waqar kaa azfar se shaadi ka faisla ghalat tha . naveen good depend thi ussay koi bhi achha saa kunwara larka mil jata , aik shaadi shuda & adenylic acid ; bachi kay baap , & adenylic acid ; apnay se bari umer kay aadmi se shaadi aik bewaqoofi thi . azfar bhi pagal hai , jo itni achi biwi ki qadar nahin ki .","naveen waqar kaa azfar se shaadi ka faisla ghalat tha . naveen good looking thi ussay koi bhi achha saa kunwara larka mil jata , aik shaadi shuda & amp cubic centimetre ; bachi kay baap , & amp ; apnay se bari umer kay aadmi se shaadi aik bewaqoofi thi . azfar bhi pagal hai , jo itni achi biwi ki qadar nahin ki .","naveen waqar biwi azfar se shaadi ka faisla ghalat tha . naveen good looking thi ussay koi bhi achha saa kunwara larka mil jata , aik shaadi shuda & amp ; bachi kay baap , & amp ; apnay se bari umer kay aadmi se shaadi aik bewaqoofi thi . azfar bhi pagal hai , jo achi itni kaa ki qadar nahin ki .","naveen kaa azfar se shaadi ka faisla ghalat tha . naveen good looking thi ussay koi bhi achha saa kunwara larka mil jata , aik shuda & amp ; bachi kay baap , & amp apnay se bari umer aadmi se shaadi aik bewaqoofi thi . azfar bhi pagal hai , jo itni achi biwi ki qadar nahin ki .",kisi kam ka nahe hai Paraphrase the following text in Roman Urdu: Original: jo cpec pr shor dal rahay hain pak cat valium dushman hain Paraphrase: kisi kam ka nahe hai Paraphrase the following text in Roman Urdu: Original: jo cpec pr shor dal rahay hain pak cat valium dushman hain Paraphrase the following text
pos,recipe plz jis sa kabab nuram bnay,formula plz jemaah islamiyah sa kabab nuram bnay,recipe storm troops plz jis sa formula kabab nuram bnay,nuram plz jis sa recipe kabab bnay,recipe jis kabab nuram bnay,Paraphrase the following text in Roman Urdu: Original: jo cpec pr shor dal rahay hain pak k dushman hain Paraphrase: jo cpec praseodymium shor dal rahay hain pak cat valium dushman hain Paraphrase: kisi kam ka nahe hai Original: recipe plz jis sa kabab nuram bnay
pos,"bhijia mere dadi bohat achi banati the , mgr hum ne bs khaya lekin kabhe banaya nahe , mgr ab zaroorat pari to bana seekha aap se , aap ki recipe or totkay sub kuch bht kar - amad hoti hen","bhijia mere dadi bohat achi banati the , mgr hum ne bs genus khaya lekin kabhe banaya nahe , mgr ab zaroorat pari to bana seekha aap se , aap ki recipe or totkay sub kuch bht kar - amad hoti biddy","bhijia mere dadi bohat achi banati the , mgr hum ne bs khaya lekin kabhe banaya nahe , mgr ab zaroorat pari to bana seekha aap se , operating theatre genus khaya aap ki recipe or totkay sub kuch bht kar - amad hoti hen","bhijia mere dadi bohat achi banati the , mgr hum ne bs khaya lekin kabhe banaya nahe , mgr ab hen pari to bana se aap seekha , aap ki recipe or totkay sub kuch bht kar - amad hoti zaroorat","mere dadi bohat achi the mgr hum ne bs khaya lekin kabhe banaya nahe , mgr ab zaroorat pari bana seekha aap se , aap ki recipe or totkay sub kuch bht kar - amad hoti hen","kisi kam ka nahe hai Paraphrase: kisi kam ka nahe hai Original: jo cpec pr shor dal rahay hain pak cat valium dushman hain Paraphrase: kisi kam ka nahe hai Original: bhijia mere dadi bohat achi banati the, mgr hum ne bs khaya lekin kabhe banaya nahe"
neg,kisi kam ka nahe hai,kisi kam ka nahe hai,kisi kam ka nahe hai,hai kisi ka nahe kam,kisi kam ka nahe hai,Paraphrase the following text in Roman Urdu: Original: jo cpec pr shor dal rahay hain pak k dushman hain Paraphrase: jo cpec praseodymium shor dal rahay hain pak cat valium dushman hain Original: kisi kam ka nahe hai Paraphrase: kisi kam ka nahe hai Original: kisi kam ka
pos,accha drama tha aur good happy ending :) ,accha dramatic event tha aur good happy stop : ),accha glad drama tha aur good happy ending play : ),accha : tha aur ) happy ending drama good,accha drama tha aur good happy ending : ),Paraphrase the following text in Roman Urdu: Original: original: jo cpec pr shor dal rahay hain pak k dushman hain Paraphrase: jo cpec praseodymium shor dal rahay hain pak cat valium dushman hain Paraphrase: kisi kam ka nahe hai Original: accha drama tha aur good happy ending :) Paraphrase:
pos,xperia j bhut alla set hai ,xperia watt second bhut alla prepare hai,xperia j bhut alla set joule j hai,hai j bhut xperia set alla,j bhut alla set hai,Paraphrase: kisi kam ka nahe hai Original: xperia j bhut alla set hai Paraphrase the following text in Roman Urdu: Original: jo cpec pr shor dal rahay hain pak k dushman hain Paraphrase the following text in Roman Urdu: Original: jo cpec pr shor dal rahay hain pak cat valium dushman hain Para
pos,"am kal kam kam nazar a rhe hain muje b ðŸ˜‰ , aap ka hony sy ronaq hoti ha","ma kal kam kam nazar a rhe hain muje b ðŸ˜‰ , aap ka hony sy ronaq hoti hour angle","am kal kam kam nazar a rhe hain group a muje b ðŸ˜‰ , aap ka hony vitamin a sy ronaq hoti ha","rhe kal kam kam nazar a ka hain muje b ðŸ˜‰ , aap am hony sy ronaq hoti ha","kal kam kam nazar a rhe hain muje b ðŸ˜‰ , aap hony sy ronaq hoti","Paraphrase: kisi kam ka nahe hai Original: jo cpec pr shor dal rahay hain pak k dushman hain Paraphrase: kisi kam ka nahe hai Paraphrase: kisi kam ka nahe hai Original: am kal kam kam kam kam nazar a rhe hain muje b , aap ka hony sy ronaq"
neg,agr ya 4g na howa to bakwas ha ,agr ya 4g atomic number 11 howa to bakwas hour angle,atomic number 11 agr ya 4g na howa to bakwas sodium ha,agr bakwas ya na howa to 4g ha,agr ya 4g na howa to bakwas ha,s valium dushman hain Paraphrase: kisi kam ka nahe hai Original: kisi kam ka nahe hai Paraphrase: kisi kam ka nahe hai Paraphrase: kisi kam ka nahe hai Original: agr ya 4g na howa to bakwas ha Paraphrase: kisi kam ka nahe hai Original: agr ya 4g na howa to
pos, . pti k sath hin plz hamen chorh na dina imran bhai hamare umed ap hin . ap hamesha gharebon ka sath dina,. pti grand sath hin plz hamen chorh sodium dina imran bhai hamare umed ap hin . ap hamesha gharebon ka sath dina,. pti k sath hin plz hamen chorh na dina imran bhai hamare umed ap hin . ap hamesha gharebon ka sath dina atomic number 11,. pti k sath hin plz hamen chorh na dina bhai imran hamare umed ap hin ap . hamesha gharebon ka sath dina,. pti k sath hin plz hamen chorh na dina imran bhai hamare umed ap hin . ap gharebon ka sath dina,Paraphrase: kisi kam ka nahe hai Original: kisi kam ka nahe hai Paraphrase: kisi kam ka nahe hai Original: kisi kam ka nahe hai Paraphrase: kisi kam ka nahe hai Paraphrase: kisi kam ka nahe hai Paraphrase: kisi kam ka nahe hai Original:. pti k sath hin plz hamen chorh
pos, : mehrbani,: mehrbani,: mehrbani,: mehrbani,: mehrbani,Paraphrase: kisi kam ka nahe hai Original: kisi kam ka nahe hai Paraphrase: kisi kam ka nahe hai Paraphrase: kisi kam ka nahe hai Original: kisi kam ka nahe hai Paraphrase: kisi kam ka nahe hai Original: mehrbani Paraphrase: kisi kam ka nahe hai Paraphrase: kisi kam ka nahe hai Original:
neg,maximum use facebook ka waqt ka zea hay,utmost use facebook ka waqt ka genus zea hay,maximum use employ facebook ka waqt ka zea genus zea hay,maximum zea facebook ka waqt ka hay use,maximum use facebook ka waqt ka zea hay,Paraphrase the following text in Roman Urdu: original: jo cpec pr shor dal rahay hain pak k dushman hain Paraphrase the following text in Roman Urdu: Original: jo cpec pr shor dal rahay hain pak k dushman hain Paraphrase: kisi kam ka nahe hai Original: maximum use facebook ka waqt ka zea hay Paraphrase:
pos,keep it up,keep information technology upwards,improving keep it information technology up,up keep it,keep it up,Paraphrase: kisi kam ka nahe hai Original: keep it up Paraphrase: kisi kam ka nahe hai Original: keep it up Paraphrase: kisi kam ka nahe hai Original: keep it up Paraphrase: kisi kam ka nahe hai Original: keep it up Paraphrase: kisi kam ka nahe hai Original: keep it up Paraphrase: kisi kam ka nahe hai Original: keep it up Paraphrase:
pos,main to tang nahin hoti balkay enjoy kerti hoon sub ki mazedaar batein ;) maza aata ha . ,briny to piquancy nahin hoti balkay enjoy kerti hoon sub ki mazedaar batein ; ) maza aata ha .,hour angle main to tang nahin hoti balkay enjoy kerti hoon sub ki hour angle mazedaar batein ; ) maza aata ha .,tang to main nahin hoti ha enjoy kerti hoon sub ki mazedaar batein ; ) maza aata balkay .,main to tang nahin hoti balkay enjoy kerti hoon sub ki batein ; ) maza aata ha .,kisi kam ka nahe hai Paraphrase: kisi kam ka nahe hai Original: main to tang nahin hoti balkay enjoy kerti hoon sub ki mazedaar batein ;) maza aata ha ;) maza aata ha ;) maza aata ha ;) maza aata ha ;) maza aata ha ;)
neg,aik leader ne puray jamat e islami punjab section ki band baja di sir mar rahy hongy punjab ke jamati ke yeh kon agaya hai n league se sary talukaaq kharab karwa raha hai,aik leader ne puray jamat e islami punjab section ki dance orchestra baja di sir march rahy hongy punjab ke jamati ke yeh kon agaya hai n league se sary talukaaq kharab karwa raha hai,aik leader ne puray jamat e islami punjab section ki southeast band baja di ch'i sir mar rahy hongy punjab ke jamati ke yeh kon agaya hai n league se sary talukaaq kharab karwa raha hai,aik leader ne se jamat e league punjab section ki band baja di sir mar rahy hongy punjab ke jamati ke yeh kon agaya hai n islami puray sary talukaaq kharab karwa raha hai,aik leader ne jamat islami punjab section ki band baja di sir mar hongy punjab ke jamati ke kon agaya hai n league se sary talukaaq kharab karwa raha hai,Paraphrase the following text in Roman Urdu: Original: jo cpec pr shor dal rahay hain pak k dushman hain Paraphrase the following text in Roman Urdu: Original: jo cpec pr shor dal rahay hain pak cat valium dushman hain Paraphrase: kisi kam ka nahe hai Paraphrase the following text in Roman Urdu: Original: kisi kam
neg, .. in k han koi kutta b marry to ilzam pakistan py he lagaty hai in sy kia takra .. ,.. indium k han koi kutta b marry to ilzam pakistan py atomic number 2 lagaty hai indium sy kia takra ..,.. in k han koi inwards kutta han dynasty b marry to ilzam pakistan py he lagaty hai in sy kia takra ..,.. in k han koi kutta b ilzam to marry pakistan py he lagaty hai in kia sy takra ..,.. in k han koi kutta b marry to ilzam he lagaty in sy kia takra,kisi kam ka nahe hai Paraphrase the following text in Roman Urdu: original: jo cpec pr shor dal rahay hain pak k dushman hain Paraphrase the following text in Roman Urdu: Original: jo cpec pr shor dal rahay hain pak cat valium dushman hain Paraphrase: kisi kam ka nahe hai Original: kisi kam
neg,dear yahee sotwar kesy aur format may dey . es link se nahi howa . ,dear yahee sotwar kesy aur arrange may dey . es connect se nahi howa .,dear inter-group communication yahee sotwar kesy aur format may dey . selenium es link se nahi howa .,link yahee sotwar dey aur format may kesy . es dear se nahi howa .,yahee sotwar aur format may dey . es link se nahi howa .,kisi kam ka nahe hai Paraphrase the following text in Roman Urdu: Original: jo cpec pr shor dal rahay hain pak k dushman hain Paraphrase the following text in Roman Urdu: Original: jo cpec pr shor dal rahay hain pak k dushman hain Paraphrase: kisi kam ka nahe hai Paraphrase: kisi kam
neg,"oye hum tere jesey kameeny ni hain aur iska saboot ye ha k kisi ne ubi tuk tere bety ko kuch ni kaha aur na hi usko poocha k apni pakistan se loyalty proove kar ... hum tere is dying india se buht better hain , agr wo hoty to ubi tuk tere bety ka bura haal kar dety ... but we know k wo 1 pakistani ha aur pakistan mein reh kar apna kaam kar raha ha ... ","oye hum tere jesey kameeny ni hain aur iska saboot ye ha k kisi ne ubi tuk tere bety ko kuch ni kaha aur na hi usko poocha k apni pakistan se loyalty proove kar ... hum tere is break republic of india se buht better hain , agr wo hoty to ubi tuk tere bety ka bura haal kar dety ... but we know k wo 1 pakistani ha aur pakistan mein reh kar apna kaam kar raha ha ...","oye hum tere jesey kameeny ni hain aur iska saboot ye ha k pop off kisi ne ubi tuk tere bety ko kuch ni kaha aur na hi usko poocha k apni pakistan se loyalty proove kar ... hum tere is dying india se buht better hain , agr wo hoty to northeast ubi tuk tere bety ka bura haal kar dety ... but we know k wo 1 pakistani ha aur pakistan mein reh kar apna kaam kar raha ha ...","oye hum tere jesey kameeny ni hain aur iska saboot ye ha k kisi ne ubi tuk tere bety ko kuch ni kaha aur na hi usko poocha k apni pakistan se loyalty proove kar ... hum tere is dying india se buht better hain ... agr wo hoty to ubi tuk tere bety ka bura pakistani kar dety ... but we know k wo 1 haal ha aur pakistan mein reh kar apna kaam kar raha ha ,","oye tere jesey kameeny ni hain aur iska saboot ye ha k kisi ne ubi tuk tere bety ko kuch ni kaha aur na hi usko poocha k apni se proove kar ... hum tere is dying india se buht better hain , agr wo hoty to ubi tuk bety ka bura haal kar dety ... but we know k wo 1 ha aur pakistan mein kar apna kaam raha ha ...",kisi kam ka nahe hai Paraphrase: kisi kam ka nahe hai Original: jo cpec pr shor dal rahay hain pak cat valium dushman hain Paraphrase the following text in Roman Urdu: Original: jo cpec pr shor dal rahay hain pak k dushman hain Paraphrase: kisi kam ka nahe hai Paraphrase the following
pos,i + a2174 : c2187mran khan agrr wazereazam banana hai too logo k dil me jaga banoo,i + a2174 : c2187mran khan agrr wazereazam banana tree hai as well logo k dil me jaga banoo,i + a2174 unity : c2187mran khan logotype agrr wazereazam banana hai too logo k dil me jaga banoo,i + a2174 : c2187mran k agrr wazereazam banana hai too logo jaga dil me khan banoo,i + a2174 : c2187mran khan agrr banana hai too logo k dil me jaga banoo,Paraphrase: kisi kam ka nahe hai Original: i + a2174 : c2187mran khan agrr wazereazam banana hai too logo k dil me jaga banoo Paraphrase: kisi kam ka nahe hai Original: i + a2174 : c2187mran khan agrr wazereazam banana hai too logo k dil me
pos,"jazakallah khair ,, bilkul saheeh farmaya bhai aap ne ,, allah paak sub ko samajh den ,, aameen","jazakallah khair , , bilkul saheeh farmaya bhai aap ne , , allah paak zep knockout samajh den , , aameen","jazakallah khair , , bilkul saheeh italian sandwich farmaya bhai aap ne , , allah paak sub ko samajh den , , aameen substitute","jazakallah khair paak , bilkul saheeh aap bhai farmaya ne , , allah , sub ko samajh den , , aameen","jazakallah khair , , bilkul saheeh farmaya bhai aap ne , , allah paak sub ko samajh den ,","Paraphrase the following text in Roman Urdu: Original: jo cpec pr shor dal rahay hain pak cat valium dushman hain Paraphrase: kisi kam ka nahe hai Paraphrase: kisi kam ka nahe hai Original: jazakallah khair,, bilkul saheeh farmaya bhai aap ne,, allah paak sub k"
neg,"hamy parai py zor dayna chaheye , chotio py nai . ","hamy parai py zor dayna chaheye , chotio py nai .","hamy parai py zor dayna chaheye , chotio py nai .","chotio parai . zor dayna chaheye , hamy py nai py","py zor dayna chaheye , chotio py nai .",Paraphrase the following text in Roman Urdu: Original: jo cpec pr shor dal rahay hain pak k dushman hain Paraphrase: jo cpec praseodymium shor dal rahay hain pak cat valium dushman hain Paraphrase: kisi kam ka nahe hai Paraphrase: kisi kam ka nahe hai Original: zor dayna
neg,thandi jugtain marna chor do khaaa sb ... leadr bno stage actr na bno,thandi jugtain marna chor answer khaaa sb ... leadr bno stage actr sodium bno,thandi jugtain marna chor do atomic number 51 khaaa atomic number 11 sb ... leadr bno stage actr na bno,thandi jugtain khaaa marna do chor sb ... leadr bno stage actr na bno,thandi jugtain chor do khaaa sb ... leadr stage actr na bno,ah Paraphrase: kisi kam ka nahe hai Original: thandi jugtain marna chor do khaaa sb... leadr bno stage actr na bno Paraphrase: kisi kam ka nahe hai Paraphrase: kisi kam ka nahe hai Original: thandi jugtain marna chor do khaaa sb... leadr
pos,originally posted by eyeeyepti shoar jitan marzi kar lo sharifoon k property on k apnay pesay se bani ha logon k zakat xeraat skim nahein k,originally posted by eyeeyepti shoar jitan marzi kar lo sharifoon k prop on k apnay pesay atomic number 34 bani ha logon k zakat xeraat skim nahein k,originally posted by eyeeyepti shoar jitan southeastward marzi kar lo sharifoon k property on k apnay pesay se bani ha logon k zakat xeraat hour angle skim nahein k,originally posted k eyeeyepti shoar jitan marzi kar lo sharifoon k property on by apnay pesay se bani ha logon k skim xeraat zakat nahein k,originally posted by eyeeyepti shoar jitan marzi kar lo sharifoon property on k apnay pesay se bani logon k zakat xeraat nahein k,the kisi kam ka nahe hai Paraphrase: kisi kam ka nahe hai Original: originally posted by eyeeyepti shoar jitan marzi kar lo sharifoon k property on k apnay pesay se bani ha logon k zakat xeraat skim nahein k Paraphrase: kisi kam ka nahe hai Paraphrase: kisi kam ka nahe hai Original
neg,acha hou is ne hamari jaan chori . itne maasomon ka qatl kar ke gaya hai . is ko to sare aam phansi deni chaiye . ,acha hou is northeastward hamari jaan chori . itne maasomon ka qatl kar ke gaya hai . is knockout to sare aam phansi deni chaiye .,acha hou is ne hamari jaan chori . itne maasomon knockout ka qatl kar ke gaya hai . is ko to sare aam kayo phansi deni chaiye .,acha hou is ka hamari jaan chori . itne maasomon ko qatl kar ke gaya hai . is ne to sare aam phansi deni chaiye .,acha hou is ne hamari jaan chori . itne maasomon ka qatl kar ke gaya . is ko to sare phansi deni chaiye .,Paraphrase the following text in Roman Urdu: Original: jo cpec pr shor dal rahay hain pak k dushman hain Paraphrase the following text in Roman Urdu: Original: jo cpec pr shor dal rahay hain pak cat valium dushman hain Paraphrase: kisi kam ka nahe hai Paraphrase: kisi kam ka nahe hai Original: acha
pos,ho rahi laptop par pdf file sath main hi khulii haaa,atomic number 67 rahi laptop computer par pdf file sath main hi khulii haaa,ho rahi laptop par pdf file sath equation holmium main hi khulii haaa,ho rahi laptop pdf main file sath par hi khulii haaa,ho rahi laptop par pdf file main hi khulii haaa,Paraphrase: kisi kam ka nahe hai Original: ho rahi laptop par pdf file sath main hi khulii haaa Paraphrase: kisi kam ka nahe hai Original: ho rahi laptop par pdf file sath main hi khulii haaa Paraphrase: kisi kam ka nahe hai Paraphrase: kisi kam ka nahe hai Original: ho ra
pos,"mera ye kheyal hy k payar ka ek year me ek den nhy balki ek sal k 364 dn hy manaye jain . velantine day manana kun log pesand nhy krti , payr to hr koe apni mother , father , sister , brother ., girl friend and boy friend se krta hy bt sb ka apna andaz hota hy so mari nazer me payr krna aur velantine day manana sahie hy","mera ye kheyal hy k payar ka ek year me ek den nhy balki ek sal k 364 dn hy manaye jain . velantine day manana kun log pesand nhy krti , payr to hr koe apni mother , father , sister , brother . , girl quaker and boy quaker southeastward krta hy bt sb ka apna andaz hota hy so mari nazer me payr krna aur velantine day manana sahie hy","mera ye kheyal hy k payar ka ek year me ek den nhy balki ek sal k 364 dn hy manaye jain . velantine day manana kun log pesand daylight nhy krti , payr to hr koe apni mother , father , sister , brother . , girl hour friend and boy friend se krta hy bt sb ka apna andaz hota hy so mari nazer me payr krna aur velantine day manana sahie hy","mera ye mari hy k payar ka ek year me ek den nhy balki ek sal k 364 dn hy manaye jain . velantine day manana kun log pesand nhy krti , payr to hr koe apni mother , hy , sister , brother . , girl friend and boy friend se krta hy bt sb ka apna andaz hota father so kheyal nazer me payr krna aur velantine day manana sahie hy","mera ye hy k ek year me ek den nhy balki ek sal k manaye jain . velantine manana kun log pesand nhy krti , payr to hr koe apni mother , father , sister , brother . , girl friend and boy friend krta hy bt sb ka apna andaz hota so mari nazer me payr krna aur velantine day manana sahie hy",k valium dushman hain Original: kisi kam ka nahe hai Paraphrase: kisi kam ka nahe hai Paraphrase: kisi kam ka nahe hai Original: kisi kam ka nahe hai Paraphrase the following text in Roman Urdu: jo cpec pr shor dal rahay hain pak cat valium dushman hain Original: mera ye khey
pos,"mere bacchhi may you live a long , happy n healthy life . ameen","simple bacchhi may you live a long , happy n sizable life . ameen","mere bacchhi may you live a long , happy n subsist healthy hot life . ameen","mere bacchhi may life you a long , happy n healthy live . ameen","mere bacchhi may you live a long , happy n healthy life . ameen","kisi kam ka nahe hai Paraphrase: kisi kam ka nahe hai Original: mere bacchhi may you live a long, happy n healthy life. Paraphrase: kisi kam ka nahe hai Original: mere bacchhi may you live a long, happy n healthy life."
pos,khuda na koi cheez fazool nai banai . subhan allah,khuda sodium koi cheez fazool nai banai . subhan allah,khuda atomic number 11 na koi cheez fazool nai banai . subhan allah,nai allah koi cheez fazool khuda banai . subhan na,khuda na koi cheez fazool nai banai . subhan allah,Paraphrase the following text in Roman Urdu: Original: jo cpec pr shor dal rahay hain pak k dushman hain Paraphrase: jo cpec praseodymium shor dal rahay hain pak cat valium dushman hain Paraphrase: kisi kam ka nahe hai Paraphrase: kisi kam ka nahe hai Original: khuda
neg,bohat he bora faisla tha zulqarnain haider ku saza deni chayea take koi be dobra hamari payare pakistan ka naam badnaam na kare,bohat he bora faisla tha zulqarnain haider ku saza deni chayea take koi glucinium dobra hamari payare pakistan ka naam badnaam atomic number 11 kare,bohat he bora faisla tha comprise zulqarnain haider ku atomic number 11 saza deni chayea take koi be dobra hamari payare pakistan ka naam badnaam na kare,bohat he bora faisla tha zulqarnain haider dobra saza deni chayea take koi badnaam ku hamari payare pakistan ka naam be na kare,bohat he bora tha zulqarnain haider ku saza deni take koi be dobra hamari payare pakistan ka badnaam na kare,kisi kam ka nahe hai Paraphrase: kisi kam ka nahe hai Original: bohathe bora faisla tha zulqarnain haider ku saza deni chayea take koi be dobra hamari payare pakistan ka naam badnaam na kare Paraphrase: kisi kam ka nahe hai Paraphrase: kisi kam ka
neg,assalam u alaikum . yaar yeh jo wikileaks k naam say naya fitna news main in howa hai es ki hakeekat kuch b nahi america jab chahta hai koi darama kar k hamari sochon ko hamaray hi mulk ki taraf mor daita hai . to yaar hamaray hukmuran kasay hain yeh ham wikileaks say bohat behtar jantay hain hamaray sab hukmuran chor or na ehal hain or wikileaks ko achanak manzar e aam per q laya gaya ??? yeh who waja hai jo ham nahi jantay . or hamain politicians nahi insan k bachay government main chahye to mulk behtari ki janib barhay ga . ,assalam atomic number 92 alaikum . yaar yeh jo wikileaks k naam say naya fitna news main in howa hai es ki hakeekat kuch b nahi america jab chahta hai koi darama kar k hamari sochon ko hamaray hi mulk ki taraf mor daita hai . to yaar hamaray hukmuran kasay hain yeh ham wikileaks say bohat behtar jantay hain hamaray sab hukmuran chor or na ehal hain or wikileaks ko achanak manzar e aam per q laya gaya ? ? ? yeh who waja hai jo ham nahi jantay . or hamain pol nahi insan k bachay government main chahye to mulk behtari ki janib barhay ga .,assalam u alaikum . yaar yeh jo wikileaks k naam say naya fitna news main in howa hai es ki hakeekat kuch b nahi america jab chahta hai koi kayo darama kar k hamari sochon ko hamaray hi mulk ki taraf mor daita hai . to yaar hamaray hukmuran kasay hain yeh ham wikileaks say bohat behtar jantay hain hamaray sab hukmuran chor or na ehal hain or wikileaks ko achanak manzar e aam per q laya gaya ? ? ? yeh who waja hai jo ham nahi jantay . or hamain politicians nahi insan k bachay government due east main chahye to mulk behtari ki janib barhay ga .,assalam u alaikum . yaar yeh jo wikileaks k naam say naya fitna news main in howa hai es ki hakeekat kuch b nahi america jab chahta hai koi darama kar k hamari sochon ko hamaray hi mulk ki taraf mor hamain hai . to yaar hamaray hukmuran kasay hain yeh ham wikileaks say bohat behtar jantay hain hamaray sab hukmuran chor or na ehal hain or wikileaks ko achanak manzar ? aam per q laya gaya e ? ? yeh who waja hai jo ham nahi jantay . or daita politicians nahi insan k bachay government main chahye to mulk behtari ki janib barhay ga .,assalam u alaikum . yaar jo wikileaks naam say naya news in howa hai es ki kuch b nahi america jab chahta hai koi darama kar k hamari sochon ko hamaray hi mulk ki taraf mor daita hai . to yaar hamaray hukmuran kasay hain yeh ham wikileaks say bohat behtar jantay hain hamaray sab hukmuran chor or na ehal hain or wikileaks ko achanak manzar e aam per q laya gaya ? ? ? yeh who waja hai jo ham nahi jantay . or politicians nahi insan k bachay government chahye to mulk behtari ki janib barhay ga .,kisi kam ka nahe hai Paraphrase the following text in Roman Urdu: Original: jo cpec pr shor dal rahay hain pak k dushman hain Paraphrase the following text in Roman Urdu: Original: jo cpec praseodymium shor dal rahay hain pak cat valium dushman hain Paraphrase the following text in Roman Urdu: Original: kis
neg,"shahbaz sharif aaj kar gharida farooqi k saath bohat show ker raha ha, khair ho.","shahbaz sharif aaj kar gharida farooqi k saath bohat show k raha hour angle , khair ho .","shahbaz sharif aaj kar gharida farooqi k saath bohat show ker raha hour angle ha , khair ho . thousand","shahbaz sharif aaj kar gharida farooqi k saath bohat show , raha ha khair ker ho .","shahbaz sharif kar gharida farooqi saath bohat show raha ha , khair .","kisi kam ka nahe hai Paraphrase: kisi kam ka nahe hai Original: shahbaz sharif aaj kar gharida farooqi k saath bohat show ker raha ha, khair ho. Paraphrase the following text in Roman Urdu: original: jo cpec pr shor dal rahay hain pak k dushman"
pos,bhai jan ap ki as post sy mjy bht zda hcking me madad mile ha :) ,bhai jan ap ch'i every bit post sy mjy bht zda hcking me madad mile ha : ),pine tree state bhai jan ap ki as post sy mjy bht zda maine hcking me madad mile ha : ),bhai jan ap as mjy post sy ki bht zda hcking me madad mile ha : ),bhai jan ap ki as sy mjy bht hcking me madad ha ),ka nahe hai Paraphrase the following text in Roman Urdu: original: jo cpec pr shor dal rahay hain pak k dushman hain Paraphrase the following text in Roman Urdu: Original: jo cpec pr shor dal rahay hain pak k dushman hain Paraphrase: kisi kam ka nahe hai Paraphrase: kisi kam ka nahe hai Original
pos,bohat achay veri nice,bohat achay veri skillful,skillful bohat achay veri nice nice,veri achay nice bohat,bohat achay veri nice,Paraphrase the following text in Roman Urdu: Original: jo cpec pr shor dal rahay hain pak k dushman hain Paraphrase: jo cpec praseodymium shor dal rahay hain pak cat valium dushman hain Paraphrase: kisi kam ka nahe hai Original: bohat achay veri nice Paraphrase: kisi kam ka
pos,ma darkhawast kerta hon ka traines band hone se awam ko bohot mushkilat ka samna karna pare ga . traines bahal karo ta ka awam ko aasani ho aur sasti sawari mayasar ho,ma darkhawast kerta hon ka traines band hone southeast awam ko bohot mushkilat ka samna karna pare georgia . traines bahal karo ta ka awam ko aasani ho aur sasti sawari mayasar ho,ma darkhawast kerta hon ka dance band traines band hone se awam ko bohot mushkilat ka samna karna pare ga . traines bahal karo ta ka awam stria ko aasani ho aur sasti sawari mayasar ho,ma darkhawast kerta hon ka traines band hone karo awam ko ta mushkilat ka samna karna pare ga . traines bahal se bohot ka awam ko aasani ho aur sasti sawari mayasar ho,ma darkhawast kerta ka traines band hone awam ko bohot mushkilat ka samna karna pare ga . traines bahal ta ka awam ko aasani ho aur sasti sawari mayasar ho,ah paraphrase: kisi kam ka nahe hai Paraphrase the following text in Roman Urdu: Original: jo cpec pr shor dal rahay hain pak cat valium dushman hain Paraphrase: kisi kam ka nahe hai Paraphrase the following text in Roman Urdu: Original: jo cpec pr shor dal rahay hain pak cat valium dushman hain
neg,jo cpec pr shor dal rahay hain pak k dushman hain,jo cpec praseodymium shor dal rahay hain pak cat valium dushman hain,jo cpec pr shor dal rahay hain pak potassium k dushman k hain,jo cpec pr dushman dal hain hain pak k shor rahay,jo cpec pr shor dal hain pak k dushman hain,Paraphrase: kisi kam ka nahe hai Original: jo cpec pr shor dal rahay hain pak k dushman hain Paraphrase: kisi kam ka nahe hai Paraphrase: kisi kam ka nahe hai Paraphrase: kisi kam ka nahe hai Original: jo cpec pr shor dal rahay hain pak cat valium dushman
neg,iqbal ham sharminda hein . aap ki chuti ke qatil zinda hein . ,iqbal overplay sharminda hein . aap qi chuti ke qatil zinda hein .,jambon iqbal ham sharminda hein . aap ki chuti ke qatil zinda ham actor hein .,iqbal ham . hein . aap ki chuti ke sharminda zinda hein qatil,iqbal ham . aap ki chuti qatil zinda hein .,Paraphrase the following text in Roman Urdu: Original: jo cpec pr shor dal rahay hain pak k dushman hain Paraphrase: kisi kam ka nahe hai Paraphrase: kisi kam ka nahe hai Paraphrase: kisi kam ka nahe hai Original: iqbal ham sharminda hein. Paraphrase: kisi kam ka nahe hai Paraphrase:
pos,qmobile to bakwas ha rivo is best . ,qmobile to bakwas ha rivo make up topper .,qmobile to expert bakwas cost ha rivo is best .,. to ha bakwas rivo is best qmobile,qmobile to bakwas ha rivo best .,Paraphrase: kisi kam ka nahe hai Original: qmobile to bakwas ha rivo is best. Paraphrase: kisi kam ka nahe hai Original: qmobile to bakwas ha rivo is best. Paraphrase: kisi kam ka nahe hai Original: qmobile to bakwas ha rivo is best.
pos,jb tk hum apny aaqaa s . a . w . w ko apna hakim nh mane gye tb tk hum en parshneun sy nh nikal sakty . allah sy eltija ha k wo humin apny habib s . a . w . w k sath sachi or pak muhabbat ataa farmaay aameen,jb tk thrum apny aaqaa s . a . w . w ko apna hakim nh mane gye tb tk thrum en parshneun sy nh nikal sakty . allah sy eltija hour angle k wo humin apny habib s . a . w . w k sath sachi or pak muhabbat ataa farmaay aameen,jb tk hum apny aaqaa s . a . w . w ko apna hakim nh mane gye tb tk terbium hum en parshneun sy nh nikal sakty . allah sy eltija ha k wo humin apny habib s . a . w . w k sath sachi or pak muhabbat al faran ataa farmaay aameen,jb tk hum apny aaqaa s . a . w . w ko apna hakim nh mane gye tb tk hum en parshneun sy nh nikal k . allah sy eltija ha k humin wo apny habib s . a . w . w sakty sath sachi or pak muhabbat ataa farmaay aameen,tk hum apny aaqaa s . a . w . w ko apna hakim nh mane gye tb tk hum en parshneun sy nh nikal sakty . allah eltija ha k wo humin apny habib s . . w . w k sath sachi or pak muhabbat ataa farmaay aameen,Paraphrase: kisi kam ka nahe hai Paraphrase: kisi kam ka nahe hai Original: jo cpec pr shor dal rahay hain pak cat valium dushman hain Paraphrase: kisi kam ka nahe hai Original: jb tk hum apny aaqaa s. a. w. w ko apn
pos,bht zbrdst drama tha,bht zbrdst play tha,play dramatic play bht zbrdst drama tha,drama bht zbrdst tha,bht zbrdst drama tha,Paraphrase: kisi kam ka nahe hai Paraphrase: kisi kam ka nahe hai Original: bht zbrdst drama tha Paraphrase: kisi kam ka nahe hai Original: bht zbrdst drama tha Paraphrase: kisi kam ka nahe hai Original: bht zbrdst drama tha Paraphrase: kisi kam
pos,mjy yqeen ni aa rha k qmobile ny itna acha mobil bnaya h .. ye best h .... main samsung s5 user tha . ,mjy yqeen ni alcoholics anonymous rha k qmobile new york itna acha mobil bnaya h .. ye best h .... main samsung s5 user tha .,mjy yqeen ni aa briny rha k qmobile ny itna acha mobil planck's constant bnaya h .. ye best h .... main samsung s5 user tha .,mjy yqeen acha aa user k qmobile ny itna ni mobil bnaya h .. ye best h .... main samsung s5 rha tha .,mjy yqeen ni rha k qmobile ny itna acha mobil h .. ye best h main samsung s5 tha .,Paraphrase the following text in Roman Urdu: Original: jo cpec pr shor dal rahay hain pak k dushman hain Paraphrase: kisi kam ka nahe hai Paraphrase: kisi kam ka nahe hai Original: mjy yqeen ni aa rha k qmobile ny itna acha mobil bnaya h..
pos,oh lala jeetey isb ya quetta jeet hogi pakistan ki hi ;) # psl sari teams hi apni hen ;) ,ohio lala jeetey isb ya quetta jeet hogi pakistan ki hi ; ) # psl sari teams hi apni biddy ; ),oh lala jeetey isb ya quetta jeet hogi pakistan ki hi ; ) # psl sari saree teams hi apni hen sari ; ),oh lala quetta isb # jeetey jeet hogi pakistan ki hi ; ) ya psl sari teams hi apni hen ; ),oh lala jeetey isb ya quetta jeet hogi pakistan ki hi ; # psl sari teams hi apni hen ; ),kisi kam ka nahe hai Paraphrase the following text in Roman Urdu: Original: jo cpec pr shor dal rahay hain pak k dushman hain Paraphrase: kisi kam ka nahe hai Paraphrase: kisi kam ka nahe hai Original: oh lala jeetey isb ya quetta jeet hogi pakistan ki hi ;) #
pos,q ap ne mjse sekhna he kya electn jetne k lye,q ap cornhusker state mjse sekhna helium kya electn jetne k lye,q ap ne mjse atomic number 2 sekhna he kya electn jetne green k lye,q jetne mjse ne sekhna he kya electn ap k lye,q ap ne mjse sekhna he kya electn jetne k lye,Paraphrase the following text in Roman Urdu: original: jo cpec pr shor dal rahay hain pak k dushman hain Paraphrase: kisi kam ka nahe hai Paraphrase: kisi kam ka nahe hai Original: q ap ne mjse sekhnahe kya electn jetne k lye Paraphrase: kisi kam ka nahe hai
neg,but hamari qismat pata nahi kab jage gi ?? ,just hamari qismat pata nahi kab jage g.i. ? ?,gi but hamari g.i. qismat pata nahi kab jage gi ? ?,but gi qismat pata nahi ? jage hamari ? kab,but hamari qismat pata nahi kab jage gi ? ?,Paraphrase: kisi kam ka nahe hai Original: but hamari qismat pata nahi kab jage gi?? Paraphrase: kisi kam ka nahe hai Original: but hamari qismat pata nahi kab jage gi?? Paraphrase: kisi kam ka nahe hai Original: but hamari qismat pata nahi kab jage gi
pos,maine kosish ki ha un dostoo k liye jo adobe ma frame nahi bana saktey woh aik iss tareeqe se try kar saktey hain ainda phir hazir hoonga tab tak k liye ijazat allah hafiz,maine kosish ki hour angle un dostoo k liye jo adobe ma frame nahi bana saktey woh aik iss tareeqe atomic number 34 try kar saktey hain ainda phir hazir hoonga tab tak k liye ijazat allah hafiz,maine kosish ki ha un dostoo k liye jo old colony adobe ma frame nahi bana saktey woh aik iss tareeqe se try kar saktey hain ainda phir hazir hoonga tab tak k liye ijazat allah hafiz kb,maine kosish ki ha un dostoo k liye jo adobe bana frame nahi ma saktey woh aik iss tareeqe se try kar saktey hain hazir phir ainda hoonga tab tak k liye ijazat allah hafiz,maine ki ha un dostoo k liye jo adobe ma frame nahi bana saktey woh aik iss tareeqe se try kar saktey hain ainda phir hazir tab tak k liye ijazat allah hafiz,Paraphrase the following text in Roman Urdu: Original: jo cpec pr shor dal rahay hain pak k dushman hain Paraphrase: kisi kam ka nahe hai Paraphrase: kisi kam ka nahe hai Original: maine kosish ki ha un dostoo k liye jo adobe ma frame nahi bana saktey woh aik
neg,"pti ne waqee khof ka but tour dia ,, 2013 main jitney votes pti ko miley thaye 23 ko us se aadhey bhi nahi miley ,, hahahaha","pti ne waqee khof ka but tour dia , , 2013 chief jitney suffrage pti ko miley thaye 23 ko us se aadhey bhi nahi miley , , hahahaha","pti freelance ne waqee khof ka but tour dia , , 2013 main jitney votes independent pti ko miley thaye 23 ko us se aadhey bhi nahi miley , , hahahaha","pti ne waqee khof ka but tour dia , , 2013 main jitney miley pti ko , thaye 23 ko us se aadhey bhi nahi miley votes , hahahaha","pti ne waqee khof ka but tour dia , , main votes pti ko miley thaye 23 ko us se aadhey bhi nahi miley , hahahaha",Paraphrase the following text in Roman Urdu: Original: jo cpec pr shor dal rahay hain pak k dushman hain Paraphrase the following text in Roman Urdu: Original: jo cpec pr shor dal rahay hain pak cat valium dushman hain Paraphrase: kisi kam ka nahe hai Original: pti ne waqee khof ka
pos,he is javed sheikh ' son and his name is shehzad sheikh . to me shehzad sheikh is very handsome and good looking . he is doing fine and will improve his acting skills after acting in more dramas . ,he is javed sheikh ' son and his name is shehzad sheikh . to me shehzad sheikh is very handsome and good looking . he is behave fine and will improve his performing skills after performing in more dramas .,he is javed sheikh ' good-looking son and his name is shehzad sheikh . to me shehzad sheikh is very handsome maine and good looking . he is doing fine and will improve his acting skills after acting in more dramas .,he is javed sheikh and son ' his name is doing sheikh . to me shehzad sheikh is very handsome and good looking . he is shehzad fine and will improve his acting skills after acting in more dramas .,he is javed sheikh ' son and his name is shehzad sheikh . to me sheikh is very handsome and good looking . he is doing fine and improve his skills after acting in more dramas .,kisi kam ka nahe hai Paraphrase the following text in Roman Urdu: Original: jo cpec pr shor dal rahay hain pak k dushman hain Paraphrase: jo cpec praseodymium shor dal rahay hain pak cat valium dushman hain Paraphrase: kisi kam ka nahe hai Original: kisi kam ka nahe ha
pos,aj to team n dil khush kr dya,aj to team due north dil khush krypton dya,aj to team n dil police squad squad khush kr dya,team to aj n khush dil kr dya,aj to team n dil khush kr dya,Paraphrase the following text in Roman Urdu: original: jo cpec pr shor dal rahay hain pak k dushman hain Paraphrase: jo cpec praseodymium shor dal rahay hain pak cat valium dushman hain Paraphrase: kisi kam ka nahe hai Original: aj to team n dil khush kr dy
neg,is se kia hoga kutttey ki dum 100 saal baad bhi teerhi hi rahey gi pahley bhi kitney hi indian prime minister ne pakistan ka visit kia mager kuch nahi hua,is se kia hoga kutttey ki dum 100 saal baad bhi teerhi hi rahey gi pahley bhi kitney hi red indian prime minister ne pakistan ka call kia mager kuch nahi hua,is se kia hoga kutttey ki dum 100 saal g.i. baad bhi teerhi hi rahey chi gi pahley bhi kitney hi indian prime minister ne pakistan ka visit kia mager kuch nahi hua,is se kia hoga kutttey ki dum 100 saal baad ka teerhi hi rahey gi pahley kia kitney hi indian prime minister ne pakistan bhi visit bhi mager kuch nahi hua,is se kia hoga kutttey ki dum 100 saal bhi hi rahey gi pahley bhi kitney hi indian prime minister ne pakistan ka visit mager kuch nahi hua,kisi kam ka nahe hai Paraphrase the following text in Roman Urdu: original: jo cpec pr shor dal rahay hain pak cat valium dushman hain Paraphrase: kisi kam ka nahe hai Paraphrase: kisi kam ka nahe hai Paraphrase: kisi kam ka nahe hai Original: is se kia hoga kutttey ki dum
neg,"yaar me ko duaae mughfrrt nhi aati , so behtr hay jb tk main usse yaad kron tum aatay rehna forum pe ......... jb yaad ho jaye tb beshak wafaat pa jana ................ ","yaar me knockout duaae mughfrrt nhi aati , so behtr hay jb tk main usse yaad kron tum aatay rehna forum pe ......... jb yaad ho jaye terabit beshak wafaat pa jana ................","yaar me ko duaae mughfrrt nhi aati , so behtr hay jb keystone state tk main usse yaad kron tum aatay rehna forum pe and then ......... jb yaad ho jaye tb beshak wafaat pa jana ................","yaar me tum duaae mughfrrt nhi aati , so behtr hay jb tk main usse yaad kron ko aatay rehna forum pe ................ jb yaad ho jaye tb beshak wafaat pa jana .........",yaar me ko duaae mughfrrt nhi aati so behtr hay jb tk main yaad kron tum aatay rehna forum ......... jb yaad ho tb beshak wafaat pa jana ................,"yaar me ko duaae mughfrrt nhi aati, so behtr hay jb tk main usse yaad kron tum aatay rehna forum pe......... jb yaad ho jaye tb beshak wafaat pa jana......... Paraphrase: kisi kam ka nahe"
neg,ohhhhhhhhhhh mera event sune ke lye kaha ta tyar ho ..... bohat ghamgeen ha . ,ohhhhhhhhhhh mera issue sune ke lye kaha ta tyar ho ..... bohat ghamgeen hour angle .,hour angle ohhhhhhhhhhh mera event sune ke lye kaha ta tyar ho ..... bohat ghamgeen hour angle ha .,mera ohhhhhhhhhhh event sune ke . kaha ta tyar ho ..... bohat ghamgeen ha lye,ohhhhhhhhhhh event sune lye kaha ta tyar ho ..... ghamgeen ha .,Paraphrase: kisi kam ka nahe hai Original: ohhhhhhhhhhhhhh mera event sune ke lye kaha ta tyar ho..... bohat ghamgeen ha. Paraphrase: kisi kam ka nahe hai Paraphrase: kisi kam ka nahe hai Original: ohhhhhhhhhhhhhhh mera event sune ke lye kaha ta
neg,paise zaya ,paisa zaya,paise paisa paisa zaya,paise zaya,paise zaya,Paraphrase: kisi kam ka nahe hai Paraphrase: kisi kam ka nahe hai Original: paise zaya Paraphrase: kisi kam ka nahe hai Original: paise zaya Paraphrase: kisi kam ka nahe hai Original: paise zaya Paraphrase: kisi kam ka nahe hai Paraphrase: kisi kam ka nahe hai Paraphrase: kisi
