sentiment,review,text_length,synonym_replacement,random_insertion,random_swap,random_deletion
neg, @ anonymous urf shezad .. tum nay bhi to meri bohot izzat - afzaee ki thi aur mujhay bohot mayoos kiya tha .... jis direction main wo discussion jaa raha tha ... ussay stop kerna hi behter tha .... main nay apnay comments delete kerdiye thay iss liye naam khud - ba - khud change hogya .... khair .... phir bhi .... tum mujhay achay insaan lagtay ho .... iss liye jawab day rahi hoon ... main mardon say darti nahin hoon ... lakin zayda ter ko to bohot na pasand kerti hoon . :) ,480.0,@ anonymous urf shezad .. tum nay bhi to meri bohot izzat - afzaee ki thi aur mujhay bohot mayoos kiya tha .... jis instruction main wo discussion jaa raha tha ... ussay stop kerna hi behter tha .... main nay apnay comments delete kerdiye thay iss liye naam khud - ba - khud change hogya .... khair .... phir bhi .... tum mujhay achay insaan lagtay atomic number 67 .... iss liye jawab day rahi hoon ... main mardon say darti nahin hoon ... lakin zayda ter ko to bohot na pasand kerti hoon . : ),@ anonymous urf shezad .. tum nay bhi to meri bohot izzat - afzaee ki thi aur mujhay knockout bohot mayoos kiya tha .... jis direction main wo discussion jaa raha tha ... ussay stop kerna hi behter tha .... main nay apnay comments delete kerdiye thay iss liye naam khud - ba primary - khud change hogya .... khair .... phir bhi .... tum mujhay achay insaan lagtay ho .... iss liye jawab day rahi hoon ... main mardon say darti nahin hoon ... lakin zayda ter ko to bohot na pasand kerti hoon . : ),@ anonymous tum shezad .. urf nay bhi to meri bohot izzat - afzaee ki thi aur mujhay bohot mayoos kiya tha .... jis direction main wo discussion jaa raha tha ... ussay stop kerna hi behter tha .... main . apnay comments delete kerdiye thay iss liye naam khud - ba - khud change hogya .... khair .... phir bhi .... tum mujhay achay insaan lagtay ho .... iss liye jawab day rahi hoon ... main mardon say darti nahin hoon ... lakin zayda ter ko to bohot na pasand kerti hoon nay : ),@ anonymous urf shezad .. tum nay bhi to meri bohot izzat - afzaee ki thi aur mujhay bohot mayoos kiya tha .... jis direction main wo discussion jaa raha tha ... ussay stop kerna hi behter tha main nay comments delete kerdiye thay iss liye naam khud - ba - khud change hogya .... .... phir bhi .... tum mujhay achay insaan lagtay iss liye jawab day rahi ... main say darti nahin hoon ... lakin zayda ter ko bohot na pasand hoon . : )
pos,ab hamin kon khilae ga bana kar balke hafsa q trkib ap ne likhi hai ap hi khlain gi ;) ,87.0,abdominal muscle hamin kon khilae georgia bana kar balke hafsa q trkib ap ne likhi hai ap hi khlain gi ; ),ab hamin kon khilae ga bana kar balke hawai'i hafsa q trkib ap ne likhi hai ap hi khlain gi ; group ab ),ab hamin kon khilae ga ; ) balke hafsa q trkib ap ne likhi hai ap hi khlain gi bana kar,ab hamin kon khilae ga kar balke hafsa q trkib ap ne likhi hai ap hi khlain gi ; )
pos,muskan sis ho bahi nahi girls behi patang urhtaayi hy meri friend maha ko bhot achi patang uhdni atti hy sub ki patang cut ho jati hy,133.0,muskan sis holmium bahi nahi missy behi patang urhtaayi hy meri friend maha ko bhot achi patang uhdni atti hy sub ki patang cut holmium jati hy,atomic number 67 muskan sis ho bahi nahi girls behi patang urhtaayi hy meri friend stinger maha ko bhot achi patang uhdni atti hy sub ki patang cut ho jati hy,muskan sis urhtaayi bahi nahi girls behi patang ho hy meri friend maha ko uhdni achi patang bhot atti hy sub ki patang cut ho jati hy,muskan sis ho bahi nahi girls behi patang urhtaayi hy meri friend maha ko bhot achi patang uhdni atti hy sub ki patang cut jati hy
neg,koi patwari issy btay agar sabit hoa tu yeh jail main hu gailzaam tu zardari py b sabit nahi hua sponsored links,112.0,koi patwari issy btay nutrient agar sabit hoa tu yeh gaol main hu gailzaam tu zardari py b sabit nahi hua sponsored links,koi patwari issy btay agar sabit hoa tu yeh jail main hu gailzaam tu zardari py b sabit nahi hua sponsored connect principal links,koi patwari issy btay agar sabit hoa tu yeh b main hu gailzaam py zardari tu jail sabit nahi hua sponsored links,koi patwari issy btay agar sabit hoa tu yeh jail main hu gailzaam tu zardari py b nahi hua sponsored links
neg,bhot acha hoa in ka sath asi hona chaiya tha lanti han ye ,58.0,bhot acha hoa indium ka sath asi hona chaiya tha lanti han dynasty ye,bhot acha hoa in ka sath asi hona inwards chaiya tha lanti in han ye,bhot acha hoa in ka lanti asi hona chaiya tha sath ye han,bhot acha hoa in sath asi hona chaiya tha lanti han ye
neg,laanntiiii haramiii ganjaaa,27.0,laanntiiii haramiii ganjaaa,laanntiiii haramiii ganjaaa,haramiii ganjaaa laanntiiii,laanntiiii haramiii ganjaaa
neg,bakwas post,11.0,bakwas office,spot bakwas situation post,bakwas post,bakwas post
pos,jeet haq ki hogi,16.0,jeet haq ch'i hogi,jeet haq chi ki qi hogi,jeet haq ki hogi,jeet haq ki hogi
neg,mera kaam kion ghyab ho gia is thread se ... :-? koi wajah hi bata de,69.0,mera kaam kion ghyab ho gia is string southeastward ... : - ? koi wajah hi bata de,mera kaam kion ghyab ho gia is thread se ... : - ? koi wajah hi bata armed islamic group de armed islamic group,mera kaam de ghyab ho gia is - se ... : thread ? koi wajah hi bata kion,mera kaam kion ghyab ho gia is thread ... : - ? koi wajah hi bata de
pos,darya sind per jaga jaga dam banay jayn taka bijly ki pedawar barh saky aur mulk taraqi ker saky,96.0,darya sind per jaga jaga dam banay jayn taka bijly qi pedawar barh saky aur mulk taraqi one thousand saky,darya sind per jaga chi jaga dam banay jayn m taka bijly ki pedawar barh saky aur mulk taraqi ker saky,per sind taraqi jaga jaga dam banay jayn taka bijly ki pedawar barh saky aur mulk darya ker saky,sind per jaga jaga dam banay jayn taka bijly ki pedawar barh saky aur mulk taraqi ker saky
pos,ameen sum ameen ap sb ki duaon ka bht bht shukriya :) ,54.0,ameen sum ameen ap bs qi duaon ka bht bht shukriya : ),ameen sum ameen ap sb ki duaon ka add bht bht shukriya : ),ameen bht ameen ap sb : duaon ka bht sum shukriya ki ),ameen sum ap sb ki duaon ka bht bht shukriya
pos,"iss dramey k dialouges funny hain ,, ",37.0,"iss dramey green dialouges queer hain , ,","iss dramey k risible dialouges singular funny hain , ,",", dramey k iss funny hain dialouges ,","iss dialouges hain , ,"
pos,achi sharing hy,15.0,achi communion hy,achi apportion apportion sharing hy,achi sharing hy,achi sharing hy
pos,"nai main such main banao gi lakin khanay k lya ap ko quetta ana paray ga , mazydar ho ga . ",91.0,"nai main such main banao gi lakin khanay honey oil lya ap knockout quetta ana paray ga , mazydar ho ga .","nai main such knockout main banao gi lakin khanay k lya ap atomic number 31 ko quetta ana paray ga , mazydar ho ga .","nai main such main ho gi lakin khanay k lya ap ko quetta ana paray ga ga mazydar banao , .","main such main banao gi lakin khanay k lya ko quetta ana paray ga , mazydar ho ga ."
neg,originally posted by talwar gujjar punjab k saari pti kal lahore mein jamah hau g jab pasha k haath sar p tha tau lakhoon loag jalsay mein aaey the ab in k hazri standard 58 hazar tak h rahey g pata nahein ab pti k auntian naach vaach karein g ya nahein talwar gobbar yai talwar apni may lai and soo ja sakoon say,313.0,originally posted by talwar gujjar punjab k saari pti kal lahore mein jamah hau g jab pacha k haath sar p tha tau lakhoon loag jalsay mein aaey the abdominal muscle in k hazri standard 58 hazar tak h rahey g pata nahein abdominal muscle pti k auntian naach vaach karein g ya nahein talwar gobbar yai talwar apni may lai and soo ja sakoon say,originally posted by talwar gujjar punjab k saari pti kal lahore mein jamah hau g jab pasha k haath sar p tha tau lakhoon loag jalsay mein aaey the ab in k hazri standard 58 hazar tak h rahey g pata nahein ab pti k artium baccalaurens auntian naach vaach karein g ya nahein talwar gobbar yai talwar hydrogen apni may lai and soo ja sakoon say,originally posted by talwar gujjar punjab k saari pti kal lahore mein jamah hau g jab pasha k haath sar h tha tau lakhoon loag hazar mein aaey the ab in k hazri standard 58 jalsay tak p rahey g pata nahein ab pti k auntian naach vaach karein g ya nahein talwar gobbar yai talwar apni may lai and soo ja sakoon say,originally posted by talwar punjab k saari pti kal lahore mein jamah hau jab pasha k haath sar p lakhoon loag jalsay mein aaey the ab in k hazri standard hazar tak h rahey g pata nahein ab pti k auntian naach vaach karein g ya nahein talwar gobbar yai talwar may lai and soo ja sakoon say
neg,"hasssan nisar sb ki language . "" iz say zayada khubsorat bakwas koi ho nhi sakti "" protocol hospital ka bahir hona chahya na ka inside hospital",143.0,hasssan nisar sb ki nomenclature . `` iz say zayada khubsorat bakwas koi ho nhi sakti `` communications protocol hospital ka bahir hona chahya na ka inside hospital,hasssan nisar sb ki language . `` lyric iz say zayada khubsorat bakwas koi ho nhi sakti `` protocol hospital ka lyric poem bahir hona chahya na ka inside hospital,hasssan nisar sb ki iz hospital `` language say zayada khubsorat bakwas koi ho nhi sakti `` protocol . ka bahir hona chahya na ka inside hospital,nisar sb ki language . `` iz say zayada khubsorat bakwas koi ho nhi sakti `` hospital ka chahya na ka inside hospital
neg,"bat yeh hay ka him nay khud jaraime paisha logon ko apnay uper sawar kur lia hay . iski rook tham khud kurney hogi or chultay phertay is kisam kay logon pur nazar rakhna hogi , mohallah ki satha per committee banane hogi , jisko ap jantay nahee road pur is say humkalam na hon . ghar may dakhil honay say phalay daikh lain kay koi ap kay pechay to nahee , bat yeh hay ka him nay khud jaraime paisha logon ko apnay uper sawar kur lia hay . ",439.0,"bat yeh hay ka him nay khud jaraime paisha logon ko apnay uper sawar kur lia hay . iski rook tham khud kurney hogi or chultay phertay is kisam kay logon pur nazar rakhna hogi , mohallah ki satha per committee banane hogi , jisko ap jantay nahee road pur is read humkalam na hon . ghar may dakhil honay read phalay daikh consist kay koi ap kay pechay to nahee , bat yeh hay ka him nay khud jaraime paisha logon ko apnay uper sawar kur lia hay .","bat yeh hay ka him nay khud jaraime paisha logon ko apnay uper sawar kur lia hay . iski rook tham khud kurney hogi or chultay phertay is flutter kisam kay logon pur nazar rakhna hogi , mohallah ki be satha per committee banane hogi , jisko ap jantay nahee road pur is say humkalam na hon . ghar may dakhil honay say phalay daikh lain kay koi ap kay pechay to nahee , bat yeh hay ka him nay khud jaraime paisha logon ko apnay uper sawar kur lia hay .","bat yeh hay ka him nay khud jaraime paisha logon ko apnay uper sawar kur lia kay . iski rook tham khud kurney hogi or chultay phertay is kisam hay logon pur nazar lain hogi , mohallah ki satha per committee banane hogi , jisko ap jantay nahee road pur is say humkalam na hon . ghar may dakhil honay say phalay daikh rakhna kay koi ap kay pechay to nahee , bat yeh hay ka him nay khud jaraime paisha logon ko apnay uper sawar kur lia hay .","bat yeh ka him nay khud jaraime paisha logon ko apnay uper sawar kur lia hay . iski rook tham khud kurney hogi or chultay phertay is kisam kay logon pur nazar rakhna hogi , mohallah ki satha per committee banane hogi , jisko ap jantay nahee road pur is say humkalam na hon . ghar may dakhil honay say phalay daikh lain kay koi pechay to nahee , yeh hay ka him nay khud jaraime paisha logon ko apnay uper sawar kur lia hay ."
neg,farigh tareen drama ? ,22.0,farigh tareen play ?,play farigh romp tareen drama ?,farigh tareen drama ?,farigh tareen drama ?
pos,mari dua hai k pakistan humasha israil k fitnay se bechay . hum sb muslmano ko ek honay ki hemit ata formaye . ameen,116.0,mari dua hai k pakistan humasha israil k fitnay se bechay . movement of holy warriors sb muslmano ko ek honay chi hemit ata formaye . ameen,mari dua hai k pakistan humasha israil k hum fitnay se bechay . hum thrum sb muslmano ko ek honay ki hemit ata formaye . ameen,mari dua pakistan k hai humasha israil k fitnay se bechay . hum formaye muslmano ko ek honay ki hemit ata sb . ameen,mari dua hai k pakistan humasha israil k fitnay bechay . hum sb muslmano ko ek honay hemit formaye ameen
pos,zaroor khatam huni chahya for karachi peace,43.0,zaroor khatam huni chahya for karachi ataraxis,pacification public security zaroor khatam huni chahya for karachi peace,zaroor peace huni chahya khatam karachi for,zaroor khatam huni chahya for karachi peace
neg,bhai mery demgh tu lasy ban geya ager kioy video ho tu share kary jaisy hackvilla par hai ya sacreen shot dy plz,112.0,bhai mery demgh tu lasy ban geya ager kioy video ho tu share kary jaisy hackvilla equation hai ya sacreen crack dy plz,bhai mery demgh tu lasy ban geya equivalence ager kioy video ho tu share equality kary jaisy hackvilla par hai ya sacreen shot dy plz,tu mery demgh tu lasy ban geya ager kioy video ho bhai share kary jaisy hackvilla par dy ya sacreen shot hai plz,bhai demgh tu lasy ban geya ager kioy ho tu share jaisy hackvilla par hai ya sacreen shot dy plz
pos,khair mazak apni jagaaah ... thankss a lot for shairing such a usefulll stufffffff ... ,87.0,khair mazak apni jagaaah ... thanks angstrom lot for shairing such angstrom usefulll stufffffff ...,khair ampere mazak apni jagaaah ... thankss a lot for shairing such a usefulll stufffffff ... ampere,khair mazak usefulll jagaaah ... thankss a such for shairing lot a apni stufffffff ...,khair mazak apni jagaaah ... thankss a lot for shairing such a usefulll stufffffff ...
pos,lol kah to ap theek rahe hy ap ko shayada believe na ho mai ne ek din mein 500 thread behi baneye hy 3000 ki try behi kar lo gi or ha mujhe bs rank caheye hota hy winner ka or kuch nahi,185.0,lol kah to ap theek rahe hy ap kayo shayada think na ho mai ne ek din mein 500 thread behi baneye hy 3000 ki try behi kar lo gi or ha mujhe bs rank caheye hota hy winner ka or kuch nahi,lol kah to ap theek rahe hy ap ko shayada believe na ho mai ne ek b complex din mein 500 thread behi baneye hy 3000 ki try behi kar lo gi or ha mujhe bs rank caheye hota hy g.i. winner ka or kuch nahi,lol kah to ap theek mein hy ap ko shayada believe na ho mai ne ek din ka 500 thread behi baneye hy 3000 ki try behi kar lo gi or ha mujhe bs rank caheye hota hy winner rahe or kuch nahi,lol kah to ap theek rahe hy ap ko shayada believe ho mai ne ek din mein thread behi baneye 3000 ki try behi kar lo gi or ha mujhe bs rank hota hy winner ka or kuch nahi
neg,wo tere najiaz bachi ka rishta mang rah tha bastard,51.0,wo tere najiaz bachi ka rishta mang rah tha illegitimate,wo tere najiaz by-blow bachi ka rishta prick mang rah tha bastard,najiaz tere wo bastard ka rishta mang rah tha bachi,wo tere najiaz bachi ka rishta mang tha bastard
neg,meets wagra to metha acha ni lgta,33.0,assemble wagra to metha acha atomic number 28 lgta,meets match wagra to metha acha ni peer lgta,meets lgta to metha ni acha wagra,meets wagra to metha acha ni lgta
pos,zabardast sharing,17.0,zabardast portion out,zabardast divvy up partake in sharing,zabardast sharing,zabardast sharing
pos,dekhiye bhai mai bilkul bhi bahes nhi kr raha hun .. ,53.0,dekhiye bhai mai bilkul bhi bahes nhi atomic number 36 raha boche ..,dekhiye bhai mai krauthead bilkul bhi bahes boche nhi kr raha hun ..,kr bhai mai bilkul bhi bahes nhi raha dekhiye hun ..,dekhiye bhai mai bilkul bhi bahes nhi kr raha hun ..
neg,serf aik dectetor musharaf ki waga se adlia ke khlaf 3 nov ke ikdam ko sahi sabit karne ke liye is qadar mehgai ho rahi he . taake awam adlia ki bhali bhool kar apni preshani me lage rahe . ,190.0,serf aik dectetor musharaf ki waga southeastward adlia ke khlaf 3 november ke ikdam ko sahi sabit karne ke liye is qadar mehgai ho rahi he . taake awam adlia ki bhali bhool kar apni preshani me lage rahe .,serf aik dectetor musharaf ki waga se adlia ke khlaf 3 nov ke ikdam ko kayo sahi sabit karne ke liye is qadar mehgai ho rahi he . taake helot awam adlia ki bhali bhool kar apni preshani me lage rahe .,serf aik dectetor musharaf ki waga se adlia ke khlaf 3 adlia ke ikdam is sahi sabit karne ke liye ko qadar mehgai ho rahi he . taake awam nov ki bhali bhool kar apni preshani me lage rahe .,serf aik dectetor musharaf ki waga se adlia ke khlaf 3 ke ikdam ko sahi sabit karne ke liye is qadar mehgai ho rahi he . taake awam adlia ki bhali bhool kar apni preshani me rahe .
pos,mein cham cham nachtaa phiraan dhamaal chaudhry,47.0,mein cham cham nachtaa phiraan dhamaal chaudhry,mein cham cham nachtaa phiraan dhamaal chaudhry,mein nachtaa dhamaal cham phiraan cham chaudhry,mein cham cham nachtaa phiraan
pos,ya bohat zabardast mobile ha or bari bat ya 64 . gb man ha agr ap ko lana ha to ajao madan man ,95.0,ya bohat zabardast nomadic ha or bari bat ya 64 . gb man ha agr ap knockout lana ha to ajao madan man,ya bohat zabardast mobile fluid ha or bari bat ya lxiv 64 . gb man ha agr ap ko lana ha to ajao madan man,ya bohat zabardast mobile ha or bari bat ajao 64 . gb man ha agr ap ko lana ha to ya man madan,ya bohat zabardast mobile ha or bari bat ya 64 . gb man agr ko lana ha to ajao madan man
pos,bht awlaa mobile hai,20.0,bht awlaa peregrine hai,bht awlaa mobile hai nomadic,awlaa mobile bht hai,bht awlaa mobile hai
pos,"sab puranon ko to aazma lya ha ab naye logon ko vote dyna , isy ma behtri ha",76.0,"sab puranon kayo to aazma lya hour angle ab naye logon kayo vote dyna , isy ma behtri hour angle","sab puranon ko to aazma hour angle lya ha ab naye logon ko vote dyna , isy ma am behtri ha","sab puranon ko to aazma lya ha ab vote ha ko naye dyna , isy ma behtri logon","sab puranon ko to aazma lya ha ab naye logon ko dyna , isy ma behtri ha"
pos,zbdrst,6.0,zbdrst,zbdrst,zbdrst,zbdrst
pos,jo logh keh rhy hain k 6gb ram huni cahiye thi un jahilo ko oneplus 3t ly laina cahiye phir .. o bhaiyu optimization b koi cheez huti haiÂ ,138.0,jo logh keh rhy hain k 6gb ram huni cahiye thi un jahilo ko oneplus 3t ly laina cahiye phir .. type o bhaiyu optimization vitamin b complex koi cheez huti hai,jo logh keh rhy hain k 6gb ram huni cahiye thi un jahilo ko oneplus type o 3t super c ly laina cahiye phir .. o bhaiyu optimization b koi cheez huti hai,jo logh keh rhy hain k cahiye ram huni 6gb thi un laina ko oneplus 3t ly jahilo cahiye phir .. o bhaiyu optimization b koi cheez huti hai,jo logh keh rhy hain k 6gb ram cahiye thi un jahilo ko oneplus 3t ly laina cahiye phir .. o bhaiyu optimization b koi cheez huti hai
neg,yaar iss tarha ki posting kar kay aap kiun antipti ki g per sigrat lagatay hoabhi dekhnatarrap kar jawaab dain ge lolz,118.0,yaar iss tarha ki send kar kay aap kiun antipti ki gee per sigrat lagatay hoabhi dekhnatarrap kar jawaab dain ge lolz,yaar iss tarha ki posting kar kay aap kiun antipti ki g per sigrat g guanine lagatay hoabhi dekhnatarrap kar jawaab dain ge lolz,yaar iss kar per posting tarha kay aap kiun antipti ki g ki sigrat lagatay hoabhi dekhnatarrap kar jawaab dain ge lolz,yaar tarha ki posting kar kay aap kiun antipti g per sigrat lagatay hoabhi dekhnatarrap kar jawaab dain ge lolz
neg,"apka minister tu arrest hi , sub ko pata hi k illegal mining perviz khtk kr rha hi . likn ap khamosh ho",103.0,"apka minister tu hold hi , zep ko pata hi k illegal mining perviz khtk kr rha hi . likn ap khamosh ho","apka minister tu hawaii arrest hi , sub ko pata hi k illegal mining hitch perviz khtk kr rha hi . likn ap khamosh ho","apka minister tu rha hi , sub ko pata hi k illegal mining perviz khtk kr arrest hi ap likn . khamosh ho","apka minister hi , sub ko pata hi illegal mining perviz khtk kr rha . likn ap khamosh ho"
pos,"bilkul sahi hy , inquiry honi chahye . ",39.0,"bilkul sahi hy , question honi chahye .","bilkul sahi hy , inquiry honi chahye . query","bilkul . honi , inquiry hy chahye sahi","bilkul sahi hy , inquiry honi ."
neg,ya asay he hai jaisay politicians,33.0,ya asay helium hai jaisay politico,ya atomic number 2 asay he hai jaisay politicians political leader,ya asay hai he politicians jaisay,ya asay hai jaisay politicians
pos,main bhi inshallah air force banon giï»¿ ache movie ha ,53.0,main bhi inshallah air force banon giï»¿ ache picture show hour angle,main bhi inshallah air force banon giï»¿ ache independent movie master ha,main force air inshallah bhi banon giï»¿ ache movie ha,main bhi inshallah air force banon ache movie ha
pos,der lagi anay main tum ko ... shukar hai phir bhi aye to ..... good to see your comment :) ,91.0,five hundred lagi anay main tum ko ... shukar hai phir bhi aye to ..... good to see your commentary : ),der lagi anay main tum ko ... shukar breadbasket hai phir bhi aye to independent ..... good to see your comment : ),der lagi anay main tum ko ... shukar hai phir good aye see ..... bhi to to your comment : ),der lagi anay main ko ... shukar hai phir bhi aye to ..... good to see your : )
neg,so jayn yar subha subha shuru hogye ap tu . ,44.0,therefore jayn yar subha subha shuru hogye ap tu .,so jayn yar subha subha therefore shuru hogye ap tu .,shuru jayn yar subha subha so . ap tu hogye,so jayn yar subha shuru hogye ap tu .
neg,ye tu dewrani jethani ki nok ghonk he saas akr muk muka kr de gi . ,67.0,ye tu dewrani jethani ki nok ghonk he saas akr muk muka kr first state g.i. .,ye tu dewrani jethani krypton ki nok ghonk he saas akr muk muka diamond state kr de gi .,ye tu dewrani jethani muk nok ghonk he saas akr kr muka ki de gi .,ye tu dewrani jethani ki nok ghonk he akr muk muka kr de gi .
pos,ye mobile kamal ka hai main ne khud purchase kya hai fast speed hai battery timing boht khoob hai,97.0,ye mobile kamal ka hai main ne khud purchase kya hai fast fastness hai barrage fire timing boht khoob hai,ye mobile kamal wandering ka hai main ne khud nomadic purchase kya hai fast speed hai battery timing boht khoob hai,ye kya kamal ka hai main ne khud purchase mobile hai fast speed hai boht timing battery khoob hai,ye mobile kamal ka hai main ne khud purchase kya hai fast speed hai battery timing khoob hai
neg,"ahhhhhh ... urdu lafz "" fuzool "" hai ... befazool nahi .... ok",62.0,ahhhhhh ... urdu lafz `` fuzool `` hai ... befazool nahi .... very well,ahhhhhh ... urdu okeh lafz `` fuzool `` sooner state hai ... befazool nahi .... ok,ahhhhhh ... urdu `` `` fuzool lafz hai ... ok nahi .... befazool,... urdu `` fuzool `` hai befazool nahi .... ok
neg,imran khan ki siasi khudkeshi hai yeh,37.0,imran caravansary ch'i siasi khudkeshi hai yeh,caravansary qi imran khan ki siasi khudkeshi hai yeh,khan siasi ki imran khudkeshi hai yeh,khan ki siasi yeh
neg,halo man leya ab is banday ko jail may dalo kesa khatam hain tu baat ho rahi thie panama leaks aur main shaib ki,112.0,nimbus man leya ab is banday ko jail may dalo kesa khatam hain tu baat ho rahi thie panama leaks aur primary shaib ki,halo man leya ab crataegus oxycantha is banday ko jail may dalo kesa khatam hain tu baat ho rahi thie panama leaks aur main shaib ki av,halo man leya hain is banday ko jail may dalo kesa khatam thie tu baat ho rahi ab panama leaks aur main shaib ki,halo man leya ab is banday ko jail may dalo khatam hain tu baat ho rahi thie panama leaks aur main shaib ki
neg,"awam ma ghussay ki sb sy bri wja hukmrano ki na ehli , be rozgari taleem ki kmi , or jhalat ha , ",97.0,"awam mommy ghussay ki sb sy bri wja hukmrano ki sodium ehli , be rozgari taleem ki kmi , or jhalat ha ,","awam ch'i ma qi ghussay ki sb sy bri wja hukmrano ki na ehli , be rozgari taleem ki kmi , or jhalat ha ,","awam ma ghussay ki sb sy bri wja hukmrano ki na ehli , be jhalat taleem ha kmi , or rozgari ki ,","awam ki sb sy bri wja hukmrano ki ehli , rozgari taleem ki kmi , or jhalat ha"
pos,very very nice and drama im from pakistan live in italy aur mein ayeza ki bohat bari fan ab in ek aur drama araha payar tumse nafrat hai 8 april 2017 ko mein to intazar kar rahi hu ap log bhi zarur dekna plz plz meri favreit acctarsss ka aur like bi aur comets bhi zarur karna . ï»¿,280.0,very very nice and drama im from pakistan populate in italia aur mein ayeza ki bohat bari fan ab in ek aur drama araha payar tumse nafrat hai 8 april 2017 ko mein to intazar kar rahi hu ap log bhi zarur dekna plz plz meri favreit acctarsss ka aur like bi aur comets bhi zarur karna . ï»¿,very very nice and drama im from pakistan live in italy aur ch'i mein ayeza ki bohat bari fan ab in ek aur comet drama araha payar tumse nafrat hai 8 april 2017 ko mein to intazar kar rahi hu ap log bhi zarur dekna plz plz meri favreit acctarsss ka aur like bi aur comets bhi zarur karna . ï»¿,very very italy and drama im from pakistan live in nice aur ki ayeza mein bohat bari fan ab in ek aur drama araha payar tumse nafrat hai 8 april 2017 ko mein to intazar kar rahi hu ap log bhi zarur dekna plz plz meri favreit acctarsss ka aur like bi aur comets bhi zarur karna . ï»¿,very nice and im from pakistan live in italy mein ayeza bohat bari fan ab in ek aur drama araha payar tumse nafrat hai 8 april 2017 ko mein to intazar kar rahi hu ap log bhi zarur dekna plz meri favreit acctarsss ka like bi aur comets bhi zarur karna . ï»¿
pos,ya allah hamsab ko naik hidayat atta farma hamara hukumranoo ko khulfay rashideen ka tariqa par chalnay ki toufiq atta farmay aamin,131.0,ya allah hamsab ko naik hidayat atta farma hamara hukumranoo ko khulfay rashideen ka tariqa equality chalnay ch'i toufiq atta farmay aamin,ya allah hamsab ko naik hidayat chi atta farma hamara hukumranoo ko khulfay rashideen ka tariqa par chalnay ki toufiq atta farmay aamin,ya allah hamsab farma naik hidayat atta ko hamara hukumranoo ko khulfay atta ka tariqa par chalnay ki toufiq rashideen farmay aamin,ya hamsab ko naik hidayat atta farma hamara hukumranoo khulfay rashideen ka tariqa par chalnay ki atta farmay aamin
pos,"itnay goray chittay sheheriyar ( meekal ) ki beti itni kaali kaisay hogye :), mazadar baat ha . ",96.0,"itnay goray chittay sheheriyar ( meekal ) chi beti itni kaali kaisay hogye : ) , mazadar baat hour angle .","itnay goray chittay sheheriyar ( meekal ) ki beti itni kaali kaisay hogye : ) , mazadar baat ha .","itnay goray : sheheriyar ( meekal baat ki beti itni kaali kaisay hogye chittay ) , mazadar ) ha .","itnay goray chittay sheheriyar ( meekal ) ki beti itni kaali kaisay hogye : ) , mazadar baat ha ."
neg,"naveen waqar kaa azfar se shaadi ka faisla ghalat tha . naveen good looking thi ussay koi bhi achha saa kunwara larka mil jata , aik shaadi shuda & amp ; bachi kay baap , & amp ; apnay se bari umer kay aadmi se shaadi aik bewaqoofi thi . azfar bhi pagal hai , jo itni achi biwi ki qadar nahin ki . ",298.0,"naveen waqar kaa azfar se shaadi ka faisla ghalat tha . naveen undecomposed looking thi ussay koi bhi achha saa kunwara larka mil jata , aik shaadi shuda & ampere ; bachi kay baap , & ampere ; apnay se bari umer kay aadmi se shaadi aik bewaqoofi thi . azfar bhi pagal hai , jo itni achi biwi ki qadar nahin ki .","naveen waqar kaa azfar se shaadi ka faisla ghalat tha . naveen good looking thi ussay koi bhi achha saa kunwara larka ch'i mil jata , aik shaadi shuda & amp ; bachi kay baap , & amp ; apnay se bari umer kay aadmi se shaadi aik bewaqoofi thi . azfar bhi pagal hai ampere , jo itni achi biwi ki qadar nahin ki .","naveen waqar kaa azfar se shaadi ka faisla ghalat tha . ki good looking thi ussay koi bhi achha saa kunwara larka mil jata , shuda shaadi aik & amp ; bachi kay baap , & amp ; apnay se bari umer kay aadmi se shaadi aik bewaqoofi thi . azfar bhi pagal hai , jo itni achi biwi ki qadar nahin naveen .","naveen waqar kaa azfar se shaadi ka faisla ghalat tha . naveen good looking thi ussay koi bhi achha saa kunwara larka mil jata , aik shaadi shuda & amp ; bachi kay baap , & amp ; apnay se bari umer kay aadmi se shaadi aik . azfar bhi pagal hai , jo itni achi biwi ki qadar nahin ki ."
pos,recipe plz jis sa kabab nuram bnay,34.0,formula plz jis sturmabteilung kabab nuram bnay,jemaah islamiyah recipe plz jis sa storm troops kabab nuram bnay,plz kabab jis sa recipe nuram bnay,recipe plz jis sa kabab nuram bnay
pos,"bhijia mere dadi bohat achi banati the , mgr hum ne bs khaya lekin kabhe banaya nahe , mgr ab zaroorat pari to bana seekha aap se , aap ki recipe or totkay sub kuch bht kar - amad hoti hen",188.0,"bhijia mere dadi bohat achi banati the , mgr thrum ne bs khaya lekin kabhe banaya nahe , mgr ab zaroorat pari to bana seekha aap se , aap ki recipe oregon totkay sub kuch bht kar - amad hoti hen","bhijia mere dadi bohat achi banati the , mgr hum ne bs khaya lekin kabhe banaya wedge nahe , mgr ab zaroorat pari to bana seekha aap se , aap ki recipe or totkay hero sub kuch bht kar - amad hoti hen","bhijia mere dadi bohat achi banati the , mgr hum ne bs amad lekin kabhe banaya nahe , mgr ab zaroorat pari to bana seekha aap se , aap ki recipe or totkay sub kuch kar bht - khaya hoti hen","bhijia mere dadi bohat achi banati the , mgr hum ne bs khaya lekin kabhe banaya nahe , mgr ab zaroorat pari bana seekha , aap ki recipe totkay sub kuch bht kar - amad hoti hen"
neg,kisi kam ka nahe hai,20.0,kisi kam ka nahe hai,kisi kam ka nahe hai,kisi kam ka nahe hai,kisi kam ka nahe hai
pos,accha drama tha aur good happy ending :) ,41.0,accha dramatic event tha aur good happy end : ),accha drama tha play aur good happy glad ending : ),happy drama tha aur : accha ending good ),accha drama tha good happy ending : )
pos,xperia j bhut alla set hai ,27.0,xperia watt second bhut alla place hai,xperia joule j watt second bhut alla set hai,hai bhut j alla set xperia,xperia j alla set hai
pos,"am kal kam kam nazar a rhe hain muje b ðŸ˜‰ , aap ka hony sy ronaq hoti ha",71.0,"am kal kam kam nazar type a rhe hain muje b ðŸ˜‰ , aap ka hony sy ronaq hoti hour angle","am kal kam kam nazar vitamin b a follow rhe hain muje b ðŸ˜‰ , aap ka hony sy ronaq hoti ha","am kal kam kam nazar a ronaq hain muje b ðŸ˜‰ , aap ka rhe sy hony hoti ha","am kal kam nazar a rhe hain muje ðŸ˜‰ , ka sy ronaq hoti ha"
neg,agr ya 4g na howa to bakwas ha ,31.0,agr ya 4g atomic number 11 howa to bakwas hour angle,hour angle agr ya sodium 4g na howa to bakwas ha,ya agr 4g bakwas howa to na ha,agr ya 4g na howa to bakwas ha
pos, . pti k sath hin plz hamen chorh na dina imran bhai hamare umed ap hin . ap hamesha gharebon ka sath dina,106.0,. pti k sath hin plz haman chorh atomic number 11 dina imran bhai hamare umed ap hin . ap hamesha gharebon ka sath dina,. pti k sath hin plz hamen chorh na dina imran bhai hamare haman umed ap hin haman . ap hamesha gharebon ka sath dina,. pti hin sath hin plz hamen ap na dina imran bhai hamare umed chorh k . ap hamesha gharebon ka sath dina,. pti k sath plz hamen na dina imran bhai hamare umed ap hin . ap hamesha gharebon ka sath dina
pos, : mehrbani,11.0,: mehrbani,: mehrbani,: mehrbani,:
neg,maximum use facebook ka waqt ka zea hay,39.0,maximum utilise facebook ka waqt ka genus zea hay,maximum utmost use facebook ka waqt ka genus zea zea hay,maximum ka facebook ka use waqt zea hay,maximum use facebook ka waqt ka zea hay
pos,keep it up,10.0,keep information technology upwardly,keep donjon it upward up,keep it up,keep it up
pos,main to tang nahin hoti balkay enjoy kerti hoon sub ki mazedaar batein ;) maza aata ha . ,89.0,independent to tang nahin hoti balkay relish kerti hoon sub ki mazedaar batein ; ) maza aata ha .,main to tang nahin hoti balkay primary enjoy kerti grinder hoon sub ki mazedaar batein ; ) maza aata ha .,main to tang nahin kerti balkay enjoy ; hoon sub ki mazedaar batein hoti ) maza aata ha .,main to tang nahin balkay enjoy hoon sub ki mazedaar batein ; ) aata .
neg,aik leader ne puray jamat e islami punjab section ki band baja di sir mar rahy hongy punjab ke jamati ke yeh kon agaya hai n league se sary talukaaq kharab karwa raha hai,170.0,aik leader ne puray jamat e islami punjab section ki set baja di sir mar rahy hongy punjab ke jamati ke yeh kon agaya hai n league atomic number 34 sary talukaaq kharab karwa raha hai,aik leader ne puray jamat e islami punjab section ki band baja di sir mar rahy hongy punjab surgical incision ke jamati ke yeh kon agaya hai n league se sary talukaaq newton kharab karwa raha hai,aik karwa ne puray jamat e islami punjab section ke band baja di sir mar rahy hongy punjab ki jamati ke yeh kon agaya hai n league se sary talukaaq kharab leader raha hai,aik leader puray jamat e islami punjab section ki band baja di mar rahy hongy punjab ke jamati ke yeh kon agaya hai n league se sary talukaaq kharab raha hai
neg, .. in k han koi kutta b marry to ilzam pakistan py he lagaty hai in sy kia takra .. ,85.0,.. in k han koi kutta atomic number 5 marry to ilzam pakistan py helium lagaty hai in sy kia takra ..,.. in k han koi kutta b marry to ilzam pakistan py he lagaty hai in sy kia atomic number 2 takra .. west pakistan,.. in k koi han kutta b marry to ilzam pakistan sy he lagaty hai in py kia takra ..,.. in k han koi kutta b marry to pakistan py he lagaty hai in sy takra ..
neg,dear yahee sotwar kesy aur format may dey . es link se nahi howa . ,67.0,dear yahee sotwar kesy aur format crataegus laevigata dey . east link se nahi howa .,dear yahee sotwar kesy aur format crataegus laevigata may crataegus oxycantha dey . es link se nahi howa .,dear yahee sotwar kesy aur link may dey format es . se nahi howa .,dear yahee sotwar kesy aur format may dey . es link se nahi
neg,"oye hum tere jesey kameeny ni hain aur iska saboot ye ha k kisi ne ubi tuk tere bety ko kuch ni kaha aur na hi usko poocha k apni pakistan se loyalty proove kar ... hum tere is dying india se buht better hain , agr wo hoty to ubi tuk tere bety ka bura haal kar dety ... but we know k wo 1 pakistani ha aur pakistan mein reh kar apna kaam kar raha ha ... ",354.0,"oye hum tere jesey kameeny ni hain aur iska saboot ye ha k kisi ne ubi tuk tere bety kayo kuch ni kaha aur na hi usko poocha k apni pakistan se allegiance proove kar ... hum tere is dying india se buht better hain , agr wo hoty to ubi tuk tere bety ka bura haal kar dety ... but we know k wo 1 pakistani ha aur pakistan mein reh kar apna kaam kar raha ha ...","oye hum tere jesey kameeny ni hain aur iska saboot ye ha k kisi ne ubi tuk tere bety ko kuch ni kaha aur na hi usko poocha k apni pakistan se loyalty proove kar ... hum tere is dying india se buht better hain , agr wo hoty to ubi tuk tere bety ka bura haal kar dety ... but we know k one wo ace 1 pakistani ha aur pakistan mein reh kar apna kaam kar raha ha ...","oye hum tere jesey kameeny ni hain aur iska agr ye ha k kisi ne ubi tuk tere bety ko kuch ni kaha aur hi na usko poocha k apni pakistan se loyalty proove kar ... hum tere is dying india se buht better hain , saboot wo hoty to ubi tuk tere bety ka bura haal kar dety ... but we know k wo 1 pakistani ha aur pakistan mein reh kar apna kaam kar raha ha ...","hum tere jesey kameeny ni hain iska ye ha k kisi ne ubi tuk tere bety ko kuch ni aur na hi usko poocha k apni pakistan se loyalty proove kar ... hum tere is india se buht better hain , wo hoty to ubi tuk tere bety bura haal kar ... but we know k wo pakistani aur pakistan reh kar apna kaam kar raha ha ..."
pos,i + a2174 : c2187mran khan agrr wazereazam banana hai too logo k dil me jaga banoo,82.0,iodin + a2174 : c2187mran caravanserai agrr wazereazam banana hai too logo k dil me jaga banoo,i + banana tree a2174 : c2187mran khan agrr wazereazam banana hai too logo k excessively dil me jaga banoo,i + a2174 : c2187mran khan agrr wazereazam banana dil too logo banoo hai me jaga k,i + a2174 : c2187mran khan agrr wazereazam banana hai too logo k dil me jaga banoo
pos,"jazakallah khair ,, bilkul saheeh farmaya bhai aap ne ,, allah paak sub ko samajh den ,, aameen",95.0,"jazakallah khair , , bilkul saheeh farmaya bhai aap ne , , allah paak sub kayo samajh hideout , , aameen","jazakallah khair , , bilkul saheeh farmaya cornhusker state bhai aap ne , , allah paak sub ko samajh den , , aameen","jazakallah bilkul sub , khair saheeh farmaya bhai aap ne , , allah paak , ko samajh den , , aameen","jazakallah khair , , bilkul saheeh farmaya bhai aap ne , , allah paak sub ko samajh , , aameen"
neg,"hamy parai py zor dayna chaheye , chotio py nai . ",50.0,"hamy parai py zor dayna chaheye , chotio py nai .","hamy parai py zor dayna chaheye , chotio py nai .","hamy parai dayna py py chaheye , chotio zor nai .","py zor dayna , chotio py nai ."
neg,thandi jugtain marna chor do khaaa sb ... leadr bno stage actr na bno,69.0,thandi jugtain marna chor act khaaa sb ... leadr bno represent actr na bno,atomic number 51 thandi jugtain marna chor do khaaa sb sodium ... leadr bno stage actr na bno,thandi jugtain marna chor do ... sb khaaa leadr bno stage actr na bno,thandi jugtain marna do khaaa sb ... leadr bno stage actr na bno
pos,originally posted by eyeeyepti shoar jitan marzi kar lo sharifoon k property on k apnay pesay se bani ha logon k zakat xeraat skim nahein k,139.0,originally posted by eyeeyepti shoar jitan marzi kar lo sharifoon special k property along special k apnay pesay se bani ha logon special k zakat xeraat skim nahein special k,originally posted by eyeeyepti shoar jitan marzi kar lo sharifoon k property on k apnay pesay send se bani ha stake logon k zakat xeraat skim nahein k,originally posted by eyeeyepti shoar jitan marzi kar lo sharifoon k property on k apnay pesay se bani ha logon k zakat xeraat skim nahein k,originally posted by eyeeyepti shoar jitan marzi kar lo sharifoon property on k apnay pesay se bani ha logon k zakat xeraat skim nahein k
neg,acha hou is ne hamari jaan chori . itne maasomon ka qatl kar ke gaya hai . is ko to sare aam phansi deni chaiye . ,114.0,acha hou cost cornhusker state hamari jaan chori . itne maasomon ka qatl kar ke gaya hai . cost ko to sare aam phansi deni chaiye .,acha hou is ne hamari jaan chori . itne make up maasomon ka qatl kar ke gaya hai . is ko to sare knockout aam phansi deni chaiye .,acha hou is ne hamari jaan deni . ke maasomon ka qatl kar itne gaya hai . is ko to sare aam phansi chori chaiye .,acha hou is ne hamari jaan chori . maasomon ka qatl kar ke gaya hai . is ko to sare aam phansi deni chaiye .
pos,ho rahi laptop par pdf file sath main hi khulii haaa,52.0,holmium rahi laptop par pdf file sath primary hi khulii haaa,ho rahi holmium laptop par pdf file equation sath main hi khulii haaa,ho laptop main par pdf file sath rahi hi khulii haaa,ho rahi laptop par pdf file sath main hi khulii haaa
pos,"mera ye kheyal hy k payar ka ek year me ek den nhy balki ek sal k 364 dn hy manaye jain . velantine day manana kun log pesand nhy krti , payr to hr koe apni mother , father , sister , brother ., girl friend and boy friend se krta hy bt sb ka apna andaz hota hy so mari nazer me payr krna aur velantine day manana sahie hy",321.0,"mera ye kheyal hy k payar ka ek year me ek den nhy balki ek sal k 364 dn hy manaye jain . velantine day manana kun log pesand nhy krti , payr to hr koe apni mother , father , sister , brother . , girl booster and male child booster se krta hy bt sb ka apna andaz hota hy so mari nazer me payr krna aur velantine day manana sahie hy","mera ye kheyal hy k payar ka ek year me ek den nhy balki ek sal k 364 dn hy manaye jain . velantine day manana kun log pesand nhy krti , payr to hr koe apni mother , father , sister , brother . , girl friend and boy friend se krta hy bt sb ka apna 60 minutes andaz hota hy so mari nazer me payr krna aur velantine day maine manana sahie hy","mera ye kheyal hy . payar ka ek year me ek den nhy balki ek sal k 364 dn hy manaye jain k velantine day manana kun log pesand nhy krti , payr to hr koe apni mother , father , sister , brother . , girl friend and boy friend se krta hy velantine sb ka apna andaz hota hy so mari nazer me payr krna aur bt day manana sahie hy","mera ye hy k payar ka year me ek den nhy balki ek sal k 364 dn manaye jain . velantine day manana kun log nhy krti , payr to hr apni mother , father , sister , brother . , girl friend and boy friend se krta hy ka apna andaz hota hy so mari nazer me payr krna aur velantine day manana sahie hy"
pos,"mere bacchhi may you live a long , happy n healthy life . ameen",63.0,"mere bacchhi may you live a long , well-chosen n healthy sprightliness . ameen","mere bacchhi may you live foresightful a long , happy spirit n healthy life . ameen","mere bacchhi may you . a long n happy , healthy life live ameen","mere bacchhi may you live a long , happy n healthy life . ameen"
pos,khuda na koi cheez fazool nai banai . subhan allah,50.0,khuda atomic number 11 koi cheez fazool nai banai . subhan allah,khuda na sodium koi atomic number 11 cheez fazool nai banai . subhan allah,khuda allah koi cheez fazool na banai . subhan nai,khuda na koi cheez fazool banai . subhan
neg,bohat he bora faisla tha zulqarnain haider ku saza deni chayea take koi be dobra hamari payare pakistan ka naam badnaam na kare,127.0,bohat atomic number 2 bora faisla tha zulqarnain haider ku saza deni chayea take in koi be dobra hamari payare pakistan ka naam badnaam na kare,bohat he bora faisla tha zulqarnain haider ku saza deni chayea take koi be dobra hamari payare make pakistan ka naam badnaam na kare helium,bohat payare bora faisla tha zulqarnain haider hamari saza deni chayea take koi be dobra ku he pakistan ka naam badnaam na kare,bohat he bora tha zulqarnain haider ku deni chayea take koi be dobra hamari payare pakistan ka naam badnaam na kare
neg,assalam u alaikum . yaar yeh jo wikileaks k naam say naya fitna news main in howa hai es ki hakeekat kuch b nahi america jab chahta hai koi darama kar k hamari sochon ko hamaray hi mulk ki taraf mor daita hai . to yaar hamaray hukmuran kasay hain yeh ham wikileaks say bohat behtar jantay hain hamaray sab hukmuran chor or na ehal hain or wikileaks ko achanak manzar e aam per q laya gaya ??? yeh who waja hai jo ham nahi jantay . or hamain politicians nahi insan k bachay government main chahye to mulk behtari ki janib barhay ga . ,533.0,assalam u alaikum . yaar yeh jo wikileaks k naam say naya fitna news main in howa hai es chi hakeekat kuch b nahi america jab chahta hai koi darama kar k hamari sochon ko hamaray hi mulk chi taraf mor daita hai . to yaar hamaray hukmuran kasay hain yeh ham wikileaks say bohat behtar jantay hain hamaray sab hukmuran chor or na ehal hain or wikileaks ko achanak manzar e aam per q laya gaya ? ? ? yeh who waja hai jo ham nahi jantay . or hamain politicians nahi insan k bachay authorities main chahye to mulk behtari chi janib barhay ga .,assalam u alaikum . yaar yeh jo wikileaks k naam say naya fitna news main in howa hai es ki hakeekat kuch b nahi america jab chahta hai koi darama kar k hamari sochon ko hamaray hi mulk ki taraf mor daita hai . to yaar hamaray hukmuran kasay atomic number 49 enounce hain yeh ham wikileaks say bohat behtar jantay hain hamaray sab hukmuran chor or na ehal hain or wikileaks ko achanak manzar e aam per q laya gaya ? ? ? yeh who waja hai jo ham nahi jantay . or hamain politicians nahi insan k bachay government main chahye to mulk behtari ki janib barhay ga .,assalam u alaikum hamain yaar yeh jo wikileaks k naam say naya fitna news main in howa hai es ki hakeekat kuch b nahi america jab chahta hai koi darama kar k hamari sochon ko hamaray hi mulk ki taraf mor daita hai . to yaar hamaray hukmuran kasay hain yeh ham wikileaks say bohat behtar jantay hain hamaray sab hukmuran chor or na ehal hain or wikileaks ko achanak manzar e aam per q laya gaya ? ? ? yeh who waja hai jo ham nahi ki . or . politicians nahi insan k bachay government main chahye to mulk behtari jantay janib barhay ga .,assalam u alaikum . yaar yeh jo wikileaks k naam say naya fitna news main howa hai es ki hakeekat kuch b america jab chahta hai koi darama k hamari sochon hamaray hi mulk ki taraf daita hai . to yaar hamaray hukmuran kasay yeh ham wikileaks say bohat behtar jantay hain hamaray sab hukmuran chor or ehal hain or wikileaks ko achanak e aam per q laya gaya ? ? yeh who waja hai jo ham nahi jantay . or hamain politicians nahi insan k government main chahye to mulk behtari ki janib barhay ga .
neg,"shahbaz sharif aaj kar gharida farooqi k saath bohat show ker raha ha, khair ho.",80.0,"shahbaz sharif aaj kar gharida farooqi k saath bohat show ker raha hour angle , khair holmium .","jet shahbaz sharif aaj kar gharida farooqi k saath bohat show ker raha ha , khair ho hour angle .","shahbaz sharif khair kar gharida farooqi k saath . show ker raha ha , aaj ho bohat","shahbaz sharif kar gharida farooqi k saath bohat show ker raha ha , ho ."
pos,bhai jan ap ki as post sy mjy bht zda hcking me madad mile ha :) ,65.0,bhai jan ap ki eastern samoa charles william post sy mjy bht zda hcking me madad mile ha : ),bhai jan ap ki equally as post sy mjy bht zda hcking me madad mile ha : ) january,bhai jan ap mjy as madad sy ki bht zda hcking me post mile ha : ),jan ap ki as sy bht hcking me madad mile ha : )
pos,bohat achay veri nice,21.0,bohat achay veri dainty,bohat achay dainty nice veri nice,nice bohat veri achay,bohat achay nice
pos,ma darkhawast kerta hon ka traines band hone se awam ko bohot mushkilat ka samna karna pare ga . traines bahal karo ta ka awam ko aasani ho aur sasti sawari mayasar ho,167.0,momma darkhawast kerta hon ka traines band perfect se awam ko bohot mushkilat ka samna karna pare ga . traines bahal karo ta ka awam ko aasani ho aur sasti sawari mayasar ho,atomic number 67 ma darkhawast kerta mom hon ka traines band hone se awam ko bohot mushkilat ka samna karna pare ga . traines bahal karo ta ka awam ko aasani ho aur sasti sawari mayasar ho,ma darkhawast kerta hon ka traines band hone se bohot ko samna mushkilat ka awam karna pare ga . traines bahal karo ta ka awam ko aasani ho aur sasti sawari mayasar ho,ma darkhawast kerta hon ka traines band hone se ko bohot mushkilat ka karna pare . traines bahal karo ta ka awam ko aasani ho aur sasti sawari mayasar ho
neg,jo cpec pr shor dal rahay hain pak k dushman hain,49.0,jo cpec atomic number 59 shor dal rahay hain pak honey oil dushman hain,jo cpec dekaliter pr shor dekalitre dal rahay hain pak k dushman hain,jo dal pr shor hain rahay hain pak k dushman cpec,cpec pr shor dal rahay hain k dushman hain
neg,iqbal ham sharminda hein . aap ki chuti ke qatil zinda hein . ,62.0,iqbal jambon sharminda hein . aap qi chuti ke qatil zinda hein .,iqbal ham sharminda hein . gammon aap ki chuti ke ch'i qatil zinda hein .,iqbal ham sharminda hein qatil aap ki . ke chuti zinda hein .,iqbal ham sharminda hein . aap ki chuti qatil zinda hein .
pos,qmobile to bakwas ha rivo is best . ,36.0,qmobile to bakwas hour angle rivo is good .,qmobile to bakwas ha rivo is cost best be .,best to bakwas ha . is qmobile rivo,qmobile to bakwas ha rivo best .
pos,jb tk hum apny aaqaa s . a . w . w ko apna hakim nh mane gye tb tk hum en parshneun sy nh nikal sakty . allah sy eltija ha k wo humin apny habib s . a . w . w k sath sachi or pak muhabbat ataa farmaay aameen,207.0,jb tk hum apny aaqaa s . a . tungsten . tungsten ko apna hakim nh mane gye tb tk hum en parshneun sy nh nikal sakty . allah sy eltija ha super c wo humin apny habib s . a . tungsten . tungsten super c sath sachi or pak muhabbat ataa farmaay aameen,jb tk hum apny aaqaa s . a . honey oil w . w ko apna hakim nh mane gye tb tk hum en parshneun sy nh nikal sakty . allah sy eltija ha k wo humin apny habib s . a . hakeem w . w k sath sachi or pak muhabbat ataa farmaay aameen,jb tk hum apny sath s . a . aameen . w ko apna hakim nh mane gye tb tk hum en parshneun sy nh nikal sakty . allah sy eltija ha k wo humin apny habib s . a . w . w k aaqaa sachi or pak muhabbat ataa farmaay w,jb tk hum apny aaqaa s . a . w ko apna hakim nh mane gye tb tk en parshneun sy nh nikal sakty . allah sy eltija ha wo humin apny habib s . a . w . w k sath sachi or pak ataa farmaay
pos,bht zbrdst drama tha,20.0,bht zbrdst dramatic play tha,bht zbrdst play drama tha period of play,tha drama zbrdst bht,bht zbrdst drama tha
pos,mjy yqeen ni aa rha k qmobile ny itna acha mobil bnaya h .. ye best h .... main samsung s5 user tha . ,102.0,mjy yqeen nickel alcoholics anonymous rha k qmobile ny itna acha mobil bnaya h .. ye best h .... main samsung s5 user tha .,mjy yqeen ni aa rha k qmobile ny itna acha mobil bnaya h .. ye best primary h .... adept main samsung s5 user tha .,mjy yqeen ni aa rha k qmobile ny s5 acha mobil bnaya .. h ye best h .... main samsung itna user tha .,mjy yqeen ni aa k qmobile ny itna acha bnaya h .. best h .... samsung s5 user .
pos,oh lala jeetey isb ya quetta jeet hogi pakistan ki hi ;) # psl sari teams hi apni hen ;) ,89.0,oh lala jeetey isb ya quetta jeet hogi pakistan chi hello ; ) # psl sari teams hello apni hen ; ),oh lala jeetey isb ya quetta jeet hogi pakistan ki hi ; squad ) # psl hello sari teams hi apni hen ; ),ki lala jeetey isb ya quetta jeet ; pakistan oh hi ; ) # psl sari teams hi apni hen hogi ),oh lala jeetey isb ya quetta jeet hogi pakistan ki hi ; ) # psl sari teams hi apni hen ;
pos,q ap ne mjse sekhna he kya electn jetne k lye,45.0,q ap nor'-east mjse sekhna he kya electn jetne kb lye,q ap ne mjse sekhna he kya kibibyte electn jetne k lye atomic number 2,q mjse k ap sekhna he kya electn jetne ne lye,q ap ne mjse sekhna kya electn jetne k lye
neg,but hamari qismat pata nahi kab jage gi ?? ,43.0,simply hamari qismat pata nahi kab jage gb ? ?,merely but just hamari qismat pata nahi kab jage gi ? ?,but hamari qismat gi nahi kab jage ? pata ?,but hamari qismat nahi kab jage gi ?
pos,maine kosish ki ha un dostoo k liye jo adobe ma frame nahi bana saktey woh aik iss tareeqe se try kar saktey hain ainda phir hazir hoonga tab tak k liye ijazat allah hafiz,171.0,maine kosish ki ha un dostoo thou liye jo adobe ma systema skeletale nahi bana saktey woh aik iss tareeqe se try kar saktey hain ainda phir hazir hoonga tab tak thou liye ijazat allah hafiz,jet maine kosish ki ha un dostoo k liye jo adobe ma frame nahi bana saktey woh aik iss tareeqe se try kar saktey hain ainda phir hazir hoonga tab adobe brick tak k liye ijazat allah hafiz,try kosish ki ha un dostoo k liye jo adobe ma frame nahi bana saktey woh hazir iss tareeqe se maine kar saktey hain ainda phir aik hoonga tab tak k liye ijazat allah hafiz,maine kosish ki ha un dostoo k liye ma frame nahi bana saktey woh aik iss tareeqe se kar saktey hain ainda phir hazir hoonga tab tak k liye ijazat allah hafiz
neg,"pti ne waqee khof ka but tour dia ,, 2013 main jitney votes pti ko miley thaye 23 ko us se aadhey bhi nahi miley ,, hahahaha",124.0,"pti nor'-east waqee khof ka but tour dia , , 2013 main jitney votes pti ko miley thaye 23 ko atomic number 92 se aadhey bhi nahi miley , , hahahaha","pti ne waqee khof ka but tour dia , , 2013 main jitney votes pti ko miley thaye 23 ko us double-decker se aadhey bhi nahi miley southeast , , hahahaha","pti ne waqee khof thaye but tour dia , , 2013 main jitney votes pti ko 23 ka miley ko us se aadhey bhi nahi miley , , hahahaha","pti ne waqee khof ka tour , , 2013 main jitney votes pti ko miley thaye 23 ko us se aadhey bhi nahi miley , , hahahaha"
pos,he is javed sheikh ' son and his name is shehzad sheikh . to me shehzad sheikh is very handsome and good looking . he is doing fine and will improve his acting skills after acting in more dramas . ,197.0,he is javed sheikh ' son and his name is shehzad sheikh . to me shehzad sheikh is very handsome and good take care . he is perform fine and will improve his acting skills after acting in more dramas .,he is javed sheikh ' son and his name is shehzad sheikh . sir thomas more to me shehzad sheikh is very handsome and good looking . he is doing fine exist and will improve his acting skills after acting in more dramas .,he is javed sheikh ' son and his name is shehzad sheikh . to me shehzad sheikh is very handsome and in looking . after is doing fine and will improve his acting skills he acting good more dramas .,is javed sheikh ' son and his name is shehzad sheikh . me sheikh is handsome and good looking he fine and will improve his acting skills after in more dramas
pos,aj to team n dil khush kr dya,29.0,aj to team up n dil khush khmer rouge dya,aj to team n dil team up team up khush kr dya,aj team n to dil khush kr dya,aj to team n dil khush kr dya
neg,is se kia hoga kutttey ki dum 100 saal baad bhi teerhi hi rahey gi pahley bhi kitney hi indian prime minister ne pakistan ka visit kia mager kuch nahi hua,154.0,is se kia hoga kutttey ki dum 100 saal baad bhi teerhi hullo rahey gi pahley bhi kitney hullo indian prime minister of religion ne pakistan ka visit kia mager kuch nahi hua,is se kia hoga kutttey ki dum 100 saal baad bhi teerhi hi hawaii rahey gi pahley bhi kitney hi indian prime minister ne pakistan hundred ka visit kia mager kuch nahi hua,is se kia hoga kutttey ki dum visit prime baad bhi teerhi hi rahey gi pahley bhi kitney hi indian saal minister ne pakistan ka 100 kia mager kuch nahi hua,is se kia hoga kutttey ki dum 100 saal baad bhi teerhi hi rahey gi pahley bhi kitney hi indian prime minister ne pakistan ka visit kia mager kuch nahi hua
neg,"yaar me ko duaae mughfrrt nhi aati , so behtr hay jb tk main usse yaad kron tum aatay rehna forum pe ......... jb yaad ho jaye tb beshak wafaat pa jana ................ ",169.0,"yaar me ko duaae mughfrrt nhi aati , so behtr hay jb tk independent usse yaad kron tum aatay rehna forum pe ......... jb yaad atomic number 67 jaye tb beshak wafaat pa jana ................","yaar me ko duaae mughfrrt nhi aati , so meeting place behtr hay jb atomic number 65 tk main usse yaad kron tum aatay rehna forum pe ......... jb yaad ho jaye tb beshak wafaat pa jana ................","yaar me ko duaae mughfrrt jb aati , so behtr hay jb tk main usse yaad rehna tum aatay kron forum pe ......... nhi yaad ho jaye tb beshak wafaat pa jana ................",yaar me ko duaae mughfrrt aati so behtr hay jb tk main usse yaad kron tum aatay rehna forum pe ......... jb yaad ho jaye tb beshak wafaat jana ................
neg,ohhhhhhhhhhh mera event sune ke lye kaha ta tyar ho ..... bohat ghamgeen ha . ,78.0,ohhhhhhhhhhh mera result sune ke lye kaha ta tyar ho ..... bohat ghamgeen hour angle .,ohhhhhhhhhhh mera event sune ke lye kaha ta tyar ho ..... effect bohat ghamgeen ha atomic number 73 .,kaha mera ta sune ke lye ohhhhhhhhhhh event tyar ho ..... bohat ghamgeen ha .,ohhhhhhhhhhh mera sune ke kaha ta tyar ho ..... bohat ghamgeen ha .
neg,paise zaya ,11.0,paisa zaya,paise paisa zaya paisa,paise zaya,paise zaya
neg,,,,,,
neg,ousousous,,,,,
neg,ousousous,,,,,
neg,ousousousouslyous,,,,,
neg,ousousousouslyousous,,,,,
neg,ousousous,,,,,
neg,,,,,,
neg,ousousous,,,,,
neg,ousousouslyOUSousousousouseousous,,,,,
neg,ousousousouslyousous,,,,,
neg,ousousouslyOUSousousous,,,,,
neg,ousousousouslyousous,,,,,
neg,ousousousouslyousous,,,,,
neg,ousousousouslyous,,,,,
neg,,,,,,
neg,ousousousouslyousous,,,,,
neg,ousousousouslyousous,,,,,
neg,ousousous,,,,,
neg,ousousous,,,,,
neg,from maryar,,,,,
neg,ousousousouslyousous,,,,,
neg,ousousous,,,,,
neg,ousousousouslyous,,,,,
neg,ousousous,,,,,
neg,,,,,,
neg,ousousous,,,,,
neg,ousousousouslyousous,,,,,
neg,ousousousouslyousous,,,,,
neg,,,,,,
neg,ousousousouslyousous,,,,,
neg,ousousousouslyousous,,,,,
neg,ousousousouslyousous,,,,,
neg,,,,,,
neg,ousousousouslyousous,,,,,
neg,fromousousous,,,,,
neg,ousousous,,,,,
neg,ousousous,,,,,
neg,,,,,,
neg,ousousous,,,,,
neg,ousousouslyousousous,,,,,
neg,,,,,,
neg,ousousous,,,,,
neg,ousousous,,,,,
neg,ousousous,,,,,
neg,,,,,,
neg,ousousousouslyousous,,,,,
neg,ousousous,,,,,
neg,ousousousouslyousous,,,,,
neg,ousousous,,,,,
neg,ousousous,,,,,
neg,ousousous,,,,,
neg,ousousous,,,,,
neg,ousousousouslyous,,,,,
neg,ousousousouslyousous,,,,,
neg,ousousousouslyousous,,,,,
neg,,,,,,
neg,ousousous,,,,,
neg,ousousousouslyousous,,,,,
neg,,,,,,
neg,ousousous,,,,,
neg,ousousous,,,,,
neg,,,,,,
neg,ous agousousousouslyousous,,,,,
neg,,,,,,
neg,,,,,,
neg,ousousous,,,,,
neg,ousousousouslyousous,,,,,
neg,ousousous,,,,,
neg,ousousousouslyousous,,,,,
neg,,,,,,
neg,ous,,,,,
neg,ousousous,,,,,
neg,,,,,,
neg,ousousousouslyousous,,,,,
neg,ousousousouslyousous,,,,,
neg,ousousous,,,,,
neg,ousousous,,,,,
neg,ousousousouslyousous,,,,,
neg,,,,,,
neg,,,,,,
neg,ousousous,,,,,
neg,ousousousouslyousous,,,,,
neg,ous,,,,,
neg,from theousousous,,,,,
neg,,,,,,
neg,ousousousouslyousous,,,,,
neg,ousousousouslyousous,,,,,
neg,ousousousouslyousous,,,,,
neg,ousousousouslyousous,,,,,
neg,ousousousouslyousous,,,,,
neg,ousousous,,,,,
neg,ousousous,,,,,
neg,,,,,,
neg,ousousousOUSousousouslyous,,,,,
neg,,,,,,
neg,ousousousOUSousous,,,,,
neg,ousousous,,,,,
neg,ousousous,,,,,
neg,,,,,,
neg,ousousousouseous,,,,,
pos,ousousousouslyousous,,,,,
pos,ousousousouslyousous,,,,,
pos,ousousousouslyousousiousousous,,,,,
pos,ousousous,,,,,
pos,ousousousouslyousous,,,,,
pos,ousousous,,,,,
pos,ousousousouslyousous,,,,,
pos,ous,,,,,
pos,ousousous,,,,,
pos,ousousousouslyous,,,,,
pos,ousousousouslyousous,,,,,
pos,ousousousouslyousous,,,,,
pos,ousousousouslyousous,,,,,
pos,ousousousouslyousous,,,,,
pos,ousousousouslyousous,,,,,
pos,ousousousouslyousousouseousous,,,,,
pos,ousousousouslyousous,,,,,
pos,ousousousouslyOUSousousouousousOUSous,,,,,
pos,ousousousouslyousous,,,,,
pos,ousousousously,,,,,
pos,ousousousouslyousous,,,,,
pos,ousousousouseous,,,,,
pos,ousousous,,,,,
pos,ousousousouslyousous,,,,,
pos,ousousousouslyousousiousousous,,,,,
pos,ousousous,,,,,
pos,ousousousouslyousous,,,,,
pos,ousousousouslyousousouseousous,,,,,
pos,ousousousouslyousous,,,,,
pos,ousousous,,,,,
pos,ousousousouslyous,,,,,
pos,ousousousouslyousousiousousous,,,,,
pos,ousousous,,,,,
pos,ousousousouslyousous,,,,,
pos,ousousous,,,,,
pos,ousousousouslyousous,,,,,
pos,ousousousouslyousousiousousousouseousous,,,,,
pos,ousousous,,,,,
pos,ousousous,,,,,
pos,ousousous,,,,,
pos,ousousousouslyousous,,,,,
pos,ousousous,,,,,
pos,ousousous,,,,,
pos,ousousousouslyous,,,,,
pos,ousousousouslyousous,,,,,
pos,,,,,,
pos,ousousous,,,,,
pos,ousousousouousous,,,,,
pos,ousousousouslyousous,,,,,
pos,ousousousouslyousous,,,,,
pos,ousousousouslyOUSousous,,,,,
pos,ousousousouslyousousouseousous,,,,,
pos,ousousousouslyousous,,,,,
pos,ousousousouslyousous,,,,,
pos,ousousousouslyousousiousousous,,,,,
pos,ousousousOUSousousouslyous,,,,,
pos,ousousous,,,,,
pos,ousousousouslyousous,,,,,
pos,ousousous,,,,,
pos,ousousousouslyousous,,,,,
pos,ousousousouslyousousouousousouseousous,,,,,
pos,ousousousouslyousous,,,,,
pos,ousousous,,,,,
pos,ousousousouslyousous,,,,,
pos,ousousousouseous,,,,,
pos,ousousous,,,,,
pos,ousousousouslyousous,,,,,
pos,ousousous,,,,,
pos,ousousous,,,,,
pos,ousousousouslyousous,,,,,
pos,ousousousouslyousous,,,,,
pos,ousousouslyOUSousousous,,,,,
pos,ousousousouslyousous,,,,,
pos,ousousousouslyousous,,,,,
pos,ousousous,,,,,
pos,ousousousouslyousous,,,,,
pos,ousousousouslyousous,,,,,
pos,ousousousously,,,,,
pos,ousousous,,,,,
pos,ousousouslyousousous,,,,,
pos,ousousousouslyousous,,,,,
pos,ousousous,,,,,
pos,ousousousouslyousous,,,,,
pos,ousousousouslyousous,,,,,
pos,ousousous,,,,,
pos,ousousousously,,,,,
pos,ousousousouslyousous,,,,,
pos,ousousous,,,,,
pos,ousousouslyOUSousousouseousousous,,,,,
pos,ousousousouslyous,,,,,
pos,ousousouslyOUSousousouseousousous,,,,,
pos,ousousous,,,,,
pos,ousousous,,,,,
pos,ousousousouslyousous,,,,,
pos,ousousousouslyousous,,,,,
pos,ousousous,,,,,
pos,ousousous,,,,,
pos,ousousousouslyousousOUSousous,,,,,
pos,ousousous,,,,,
pos,ousousousouslyousous,,,,,
